Book Name,Author,ISBN 13,ISBN,Number of Pages,Average Rating,Total Number of Ratings,Publication Date,Date Started,Date Completed
The Lightning Tree,"Rothfuss, Patrick",,,93,4.0,2156,2014,"Apr 16, 2022","Apr 16, 2022"
"What If? Serious Scientific Answers to Absurd Hypothetical Questions (What If?, #1)","Munroe, Randall",9780544272996,0544272994,303,4.14,151303,"Sep 02, 2014",not set,not set
"Leviathan Falls (The Expanse, #9)","Corey, James S.A.",9780356510392,0356510395,528,4.54,31066,"Nov 30, 2021",not set,not set
"Tiamat's Wrath (The Expanse, #8)","Corey, James S.A.",9780316332873,0316332879,534,4.57,47842,"Mar 26, 2019",not set,not set
"Persepolis Rising (The Expanse, #7)","Corey, James S.A.",9780316332828,0316332828,608,4.37,53386,"Dec 05, 2017","Jun 02, 2022",not set
"Babylon's Ashes (The Expanse, #6)","Corey, James S.A.",9780356504261,0356504263,538,4.24,63581,"Dec 06, 2016","May 08, 2022","May 30, 2022"
"Cibola Burn (The Expanse, #4)","Corey, James S.A.",,,581,4.2,85997,"Jun 17, 2014","Feb 24, 2022","Apr 17, 2022"
"Nemesis Games (The Expanse, #5)","Corey, James S.A.",,,536,4.42,77072,"Jun 02, 2015","Apr 18, 2022","May 08, 2022"
"Abaddon's Gate (The Expanse, #3)","Corey, James S.A.",,,539,4.26,106125,"Jun 04, 2013","Jan 28, 2022","Feb 24, 2022"
"Drive (The Expanse, #2.6)","Corey, James S.A.",,,30,4.02,8764,"Nov 27, 2012",not set,not set
"Caliban's War (The Expanse, #2)","Corey, James S.A.",9781841499901,1841499900,624,4.36,125866,"Jun 07, 2012","Jan 23, 2022","Jan 28, 2022"
"Gods of Risk (The Expanse, #2.5)","Corey, James S.A.",,,68,3.72,18037,"Jan 01, 2012",not set,not set
"Book of Night (Book of Night, #1)","Black, Holly",9781250812193,1250812194,320,3.58,14603,"May 03, 2022",not set,not set
Deep Learning with Python,"Chollet, Francois",9781617294433,1617294438,350,4.6,1004,"Nov 30, 2017","Dec 17, 2021",not set
Python 3 Object-oriented Programming: Building robust and maintainable software with object oriented design patterns in Python,"Phillips, Dusty",,,462,4.02,216,"Jul 26, 2010","Nov 29, 2021",not set
"Hands-On Machine Learning with Scikit-Learn and TensorFlow: Concepts, Tools, and Techniques to Build Intelligent Systems","Géron, Aurélien",,,566,4.57,2007,"Apr 09, 2017","Nov 27, 2021","Dec 17, 2021"
"Evershore (Skyward, #3.1)","Sanderson, Brandon",9780593566633,,234,4.45,7196,"Dec 28, 2021","Dec 30, 2021","Jan 06, 2022"
An Introduction to Statistical Learning: With Applications in R,"James, Gareth",9781461471370,1461471370,426,4.6,1909,"Jun 24, 2013","Nov 21, 2021","Jun 08, 2022"
Automate the Boring Stuff with Python: Practical Programming for Total Beginners,"Sweigart, Al",9781593275990,1593275994,479,4.3,2366,"Nov 25, 2014","Nov 21, 2021","Nov 29, 2021"
Ready Player One,"Cline, Ernest",9780307887436,030788743X,374,4.24,1024174,"Aug 16, 2011",not set,not set
"Leviathan Wakes (The Expanse, #1)","Corey, James S.A.",9781841499888,1841499889,561,4.28,219727,"Jun 02, 2011","Jan 07, 2022","Jan 23, 2022"
Daughter of the Deep,"Riordan, Rick",9781368077927,1368077927,352,4.26,12254,"Oct 26, 2021","Dec 16, 2021","Dec 22, 2021"
"Children of Dune (Dune, #3)","Herbert, Frank",9780593098240,0593098242,609,3.95,142548,"Apr 21, 1976",not set,not set
"Dune Messiah (Dune, #2)","Herbert, Frank",9780593098233,0593098234,337,3.89,203292,Jul 1969,"Nov 09, 2021","Dec 16, 2021"
"""What Do You Care What Other People Think?"": Further Adventures of a Curious Character","Feynman, Richard",9780393355642,0393355640,288,4.17,27544,1988,"Aug 16, 2021","Sep 09, 2021"
Wuthering Heights,"Brontë, Emily",,,464,3.88,1571351,Dec 1847,not set,not set
The Song of Achilles,"Miller, Madeline",,,378,4.4,836628,"Sep 20, 2011",not set,not set
कायाकल्प,"Premchand, Munshi",,,,3.93,137,2007,not set,not set
The Book Thief,"Zusak, Markus",,,552,4.38,2193345,"Sep 01, 2007","Jul 30, 2021","Aug 13, 2021"
"Finale (Caraval, #3)","Garber, Stephanie",9781250157669,1250157668,478,4.2,86874,"May 07, 2019",not set,not set
"Legendary (Caraval, #2)","Garber, Stephanie",9781250095312,125009531X,451,4.23,113143,"May 29, 2018",not set,not set
"Caraval (Caraval, #1)","Garber, Stephanie",9781250095251,1250095255,407,4.0,271351,"Sep 29, 2016",not set,not set
Learn to Earn: A Beginner's Guide to the Basics of Investing and Business,"Lynch, Peter",9780684811635,0684811634,272,4.04,3948,1995,"Jul 06, 2021","Jul 11, 2021"
"Rich Dad, Poor Dad","Kiyosaki, Robert T.",9780751532715,0751532711,195,4.11,498994,1997,"Jul 06, 2021","Aug 19, 2021"
"Darkdawn (The Nevernight Chronicle, #3)","Kristoff, Jay",,,491,4.31,32596,"Sep 03, 2019",not set,not set
"Nevernight (The Nevernight Chronicle, #1)","Kristoff, Jay",9781250073020,1250073022,429,4.22,76193,"Aug 09, 2016",not set,not set
"Godsgrave (The Nevernight Chronicle, #2)","Kristoff, Jay",9781250073037,1250073030,419,4.48,45473,"Sep 05, 2017",not set,not set
Pebble in the Sky (Galactic Empire #3),"Asimov, Isaac",9780553293425,0553293427,308,3.89,22075,1950,not set,not set
The End of Eternity,"Asimov, Isaac",9780449016190,0449016196,192,4.24,50599,1955,not set,not set
The Gods Themselves,"Asimov, Isaac",9781857989342,1857989341,288,4.09,58084,1972,not set,not set
प्रतिज्ञा : Pledge,"Premchand, Munshi",,,97,4.03,362,1927,not set,not set
रंगभूमि,"Premchand, Munshi",,,,4.26,410,1925,not set,not set
वरदान,"Premchand, Munshi",9788181332998,8181332997,128,3.77,345,"Dec 31, 1899",not set,not set
Gaban,"Premchand, Munshi",9788122311969,8122311962,272,4.31,4315,1931,not set,not set
Nirmala,"Premchand, Munshi",9780195658262,0195658264,218,4.14,3633,"Dec 31, 1899",not set,not set
गोदान [Godaan],"Premchand, Munshi",9788172242190,8172242190,352,4.38,7627,1936,not set,not set
इंद्रजाल,"प्रसाद, जयशंकर",,,155,3.97,149,unknown,not set,not set
अजातशत्रु,"प्रसाद, जयशंकर",,8171831044,,3.73,55,"Jan 01, 2011",not set,not set
स्कंदगुप्त,"प्रसाद, जयशंकर",9788179873533,,120,4.14,42,1964,not set,not set
ध्रुवस्वामिनी,"प्रसाद, जयशंकर",,,81,4.02,140,unknown,not set,not set
कामायनी,"प्रसाद, जयशंकर",9788171783212,8126700386,159,4.26,555,1936,not set,not set
चन्द्रगुप्त,"प्रसाद, जयशंकर",,,226,4.08,571,"Jan 01, 1994",not set,not set
"Realm Breaker (Realm Breaker, #1)","Aveyard, Victoria",,,576,3.67,18431,"May 04, 2021","Jun 10, 2021","Jun 15, 2021"
"The Fifth Season (The Broken Earth, #1)","Jemisin, N.K.",,,468,4.32,205753,"Aug 04, 2015","Jun 19, 2021","Jun 26, 2021"
"The Obelisk Gate (The Broken Earth, #2)","Jemisin, N.K.",,,410,4.31,124479,"Aug 16, 2016","Jun 26, 2021","Jul 12, 2021"
"The Stone Sky (The Broken Earth, #3)","Jemisin, N.K.",,,416,4.36,104412,"Aug 15, 2017","Jul 12, 2021","Jul 29, 2021"
"Mostly Harmless (Hitchhiker's Guide to the Galaxy, #5)","Adams, Douglas",9780345379337,0345379330,288,3.96,121059,"Oct 12, 1992",not set,not set
"So Long, and Thanks for All the Fish (The Hitchhiker's Guide to the Galaxy, #4)","Adams, Douglas",,,225,4.09,158716,"Oct 12, 1984",not set,not set
"Life, the Universe and Everything (Hitchhiker's Guide to the Galaxy, #3)","Adams, Douglas",9780345418906,0345418905,224,4.18,215086,"Dec 29, 1982",not set,not set
"The Restaurant at the End of the Universe (Hitchhiker's Guide to the Galaxy, #2)","Adams, Douglas",,,250,4.21,259301,"Oct 12, 1980","Jun 08, 2021","Jun 21, 2021"
"The Hitchhiker's Guide to the Galaxy (Hitchhiker's Guide to the Galaxy, #1)","Adams, Douglas",,,193,4.22,1647794,"Oct 12, 1979","May 29, 2021","Jun 08, 2021"
"A ​Sky Beyond the Storm (An Ember in the Ashes, #4)","Tahir, Sabaa",9780008288815,000828881X,516,4.35,39587,"Dec 01, 2020","May 28, 2021","Jun 04, 2021"
"Cytonic (Skyward, #3)","Sanderson, Brandon",9781473217935,1473217938,432,4.12,23957,"Nov 23, 2021","Nov 22, 2021","Dec 02, 2021"
"ReDawn (Skyward, #2.2)","Sanderson, Brandon",9780593566626,,229,4.24,9565,"Oct 26, 2021","Oct 29, 2021","Nov 05, 2021"
"Sunreach (Skyward, #2.1)","Sanderson, Brandon",9780593566619,,208,4.19,11925,"Sep 28, 2021","Sep 28, 2021","Sep 29, 2021"
"Gardens of the Moon (The Malazan Book of the Fallen, #1)","Erikson, Steven",,,772,3.9,103951,Apr 1999,not set,not set
"A Reaper at the Gates (An Ember in the Ashes, #3)","Tahir, Sabaa",9780448494500,0448494507,458,4.2,71087,"Jun 12, 2018","May 20, 2021","May 28, 2021"
"An Ember in the Ashes (An Ember in the Ashes, #1)","Tahir, Sabaa",,,446,4.26,249239,"Apr 28, 2015","May 14, 2021","May 17, 2021"
"A Torch Against the Night (An Ember in the Ashes, #2)","Tahir, Sabaa",,,467,4.25,133941,"Aug 30, 2016","May 17, 2021","May 20, 2021"
"Harry Potter and the Philosopher's Stone (Harry Potter, #1)","Rowling, J.K.",9781408855652,1408855658,332,4.48,8581826,"Jun 26, 1997",not set,not set
"In Search of the Edge of Time: Black Holes, White Holes, Wormholes","Gribbin, John",9780140248142,0140248145,288,3.92,141,1992,not set,not set
The Birth of Time: How Astronomers Measure the Age of the Universe,"Gribbin, John",9780300083460,0300083467,237,3.88,165,"Mar 11, 1999",not set,not set
Einstein's Masterwork: 1915 and the General Theory of Relativity,"Gribbin, John",9781681772127,1681772124,240,4.03,219,"May 07, 2015",not set,not set
In Search of the Big Bang,"Gribbin, John",9780552131469,0552131466,432,3.97,256,1986,not set,not set
13.8: The Quest to Find the True Age of the Universe and the Theory of Everything,"Gribbin, John",9780300218275,0300218273,256,4.08,336,"Oct 01, 2015",not set,not set
Computing with Quantum Cats: From Colossus to Qubits,"Gribbin, John",9780593071151,0593071158,304,3.75,483,"Jun 20, 2013","May 14, 2021","Jul 03, 2021"
The Time Illusion (Kindle Single),"Gribbin, John",,,35,4.08,540,unknown,not set,not set
Deep Simplicity: Bringing Order to Chaos and Complexity,"Gribbin, John",9781400062560,140006256X,279,3.95,1198,2004,not set,not set
The Scientists: A History of Science Told Through the Lives of Its Greatest Inventors,"Gribbin, John",9780812967883,0812967887,672,4.1,1556,2002,not set,not set
In Search of the Multiverse,"Gribbin, John",9781846141133,1846141133,250,4.09,1187,"Aug 27, 2009",not set,not set
Uncle Tom's Cabin,"Stowe, Harriet Beecher",,,438,3.89,213551,1852,not set,not set
Hard Times,"Dickens, Charles",9780321107213,0321107217,353,3.53,62668,1854,not set,not set
Oliver Twist,"Dickens, Charles",,,608,3.87,355501,1838,not set,not set
A Tale of Two Cities,"Dickens, Charles",9780141439600,0141439602,489,3.86,881043,"Nov 26, 1859",not set,not set
"Beyond the Shadows (Night Angel, #3)","Weeks, Brent",9780316033664,0316033669,689,4.26,93462,"Dec 01, 2008",not set,not set
"Shadow's Edge (Night Angel, #2)","Weeks, Brent",9780316033657,0316033650,636,4.25,97724,Nov 2008,not set,not set
"The Way of Shadows (Night Angel, #1)","Weeks, Brent",9780316033671,0316033677,645,4.14,158507,Oct 2008,not set,not set
"The Horse and His Boy (Chronicles of Narnia, #5)","Lewis, C.S.",9780439861366,0439861365,224,3.91,314056,"Sep 06, 1954",not set,not set
"The Lion, the Witch and the Wardrobe (Chronicles of Narnia, #1)","Lewis, C.S.",,,206,4.23,2466519,"Oct 16, 1950",not set,not set
"War Storm (Red Queen, #4)","Aveyard, Victoria",9780062422996,0062422995,662,3.86,122069,"May 15, 2018",not set,not set
"King's Cage (Red Queen, #3)","Aveyard, Victoria",9780062310712,0062310712,528,3.95,192245,"Feb 07, 2017",not set,not set
"The Blood Mirror (Lightbringer, #4)","Weeks, Brent",9780316251334,031625133X,704,4.34,41399,"Nov 16, 2015","May 07, 2021","May 09, 2021"
"The Burning White (Lightbringer, #5)","Weeks, Brent",9780316251303,0316251305,992,4.28,26499,"Oct 22, 2019","May 09, 2021","May 13, 2021"
"The Broken Eye (Lightbringer, #3)","Weeks, Brent",,,846,4.46,57272,"Aug 26, 2014","May 04, 2021","May 07, 2021"
"The Black Prism (Lightbringer, #1)","Weeks, Brent",9780316075558,0316075558,629,4.22,112953,"Aug 25, 2010",May 2021,"May 02, 2021"
"The Blinding Knife (Lightbringer, #2)","Weeks, Brent",9780316079914,031607991X,671,4.41,81464,"Sep 01, 2012","May 02, 2021","May 04, 2021"
"The Providence of Fire (Chronicle of the Unhewn Throne, #2)","Staveley, Brian",9780765336415,0765336413,608,4.12,22065,"Jan 13, 2015",not set,not set
"The Last Mortal Bond (Chronicle of the Unhewn Throne, #3)","Staveley, Brian",,,897,4.06,15800,"Mar 15, 2016",not set,not set
"The Emperor's Blades (Chronicle of the Unhewn Throne, #1)","Staveley, Brian",9780765336408,0765336405,480,4.08,38432,"Jan 14, 2014",not set,not set
"Aurora's End (The Aurora Cycle, #3)","Kaufman, Amie",9781524720889,1524720887,512,4.25,11865,"Nov 02, 2021",not set,not set
"Aurora Burning (The Aurora Cycle, #2)","Kaufman, Amie",9781524720926,1524720925,495,4.3,27008,"May 05, 2020",not set,not set
"Earth's End (Air Awakens, #3)","Kova, Elise",9781619844223,1619844222,350,4.15,20993,"Feb 11, 2016",not set,not set
"Aurora Rising (The Aurora Cycle, #1)","Kaufman, Amie",9781524720964,1524720968,473,4.13,54485,"May 06, 2019","Apr 29, 2021","Apr 30, 2021"
Pride and Prejudice,"Austen, Jane",,,333,4.28,3634644,"Jan 28, 1813",not set,not set
"Peace Talks (The Dresden Files, #16)","Butcher, Jim",9780451464415,0451464419,340,4.21,38566,"Jul 14, 2020",not set,not set
"Skin Game (The Dresden Files, #15)","Butcher, Jim",9780451464392,0451464397,454,4.56,78231,"May 27, 2014",not set,not set
"Cold Days (The Dresden Files, #14)","Butcher, Jim",9780451464408,0451464400,515,4.47,93752,"Nov 27, 2012",not set,not set
"Changes (The Dresden Files, #12)","Butcher, Jim",9780451463173,045146317X,438,4.5,107570,"Apr 06, 2010",not set,not set
"Turn Coat (The Dresden Files, #11)","Butcher, Jim",9780451462565,0451462564,418,4.43,97557,"Apr 07, 2009","Jun 24, 2022",not set
"Small Favor (The Dresden Files, #10)","Butcher, Jim",9780451461896,0451461894,545,4.44,101437,"Apr 01, 2008","Jun 04, 2022","Jun 21, 2022"
"White Night (The Dresden Files, #9)","Butcher, Jim",9780451461407,0451461401,407,4.38,111734,"Apr 03, 2007","Jun 02, 2022","Jun 04, 2022"
"Proven Guilty (The Dresden Files, #8)","Butcher, Jim",9780451461032,0451461037,547,4.39,113027,"Feb 01, 2006","May 20, 2022","Jun 03, 2022"
"Dead Beat (The Dresden Files, #7)","Butcher, Jim",9780451460912,045146091X,517,4.4,118109,"May 03, 2005","May 08, 2022","May 19, 2022"
"Blood Rites (The Dresden Files, #6)","Butcher, Jim",9780451459879,0451459873,435,4.29,121731,"Aug 01, 2004","Apr 22, 2022","Apr 30, 2022"
"Death Masks (The Dresden Files, #5)","Butcher, Jim",9780451459404,0451459407,432,4.29,128792,"Aug 01, 2003","Apr 18, 2022","Apr 21, 2022"
"Grave Peril (The Dresden Files, #3)","Butcher, Jim",9780451458445,0451458443,378,4.14,153377,"Sep 01, 2001",not set,not set
"The Last Wish (The Witcher, #0.5)","Sapkowski, Andrzej",,,359,4.13,279014,"Jan 31, 1993",not set,not set
"The Time of Contempt (The Witcher, #2)","Sapkowski, Andrzej",9780316219136,0316219134,331,4.17,106947,1995,not set,not set
"Crystal Crowned (Air Awakens, #5)","Kova, Elise",,,400,4.16,15798,"Jul 12, 2016",not set,not set
"Water's Wrath (Air Awakens, #4)","Kova, Elise",9781619844254,1619844257,378,4.12,18833,"Apr 26, 2016",not set,not set
"Fire Falling (Air Awakens, #2)","Kova, Elise",9781619849525,1619849526,378,4.18,26357,"Nov 19, 2015","Apr 23, 2021","Apr 24, 2021"
"Air Awakens (Air Awakens, #1)","Kova, Elise",9781932549935,1932549935,342,4.01,40404,"Aug 27, 2015","Apr 21, 2021","Apr 23, 2021"
"Imagine Me (Shatter Me, #6)","Mafi, Tahereh",9780062676443,006267644X,480,3.92,57994,"Apr 02, 2020",not set,not set
"Defy Me (Shatter Me, #5)","Mafi, Tahereh",9780062676399,0062676393,357,4.23,74824,"Apr 02, 2019",not set,not set
"Restore Me (Shatter Me, #4)","Mafi, Tahereh",9780062676368,0062676369,435,4.16,95269,"Mar 06, 2018",not set,not set
"Ignite Me (Shatter Me, #3)","Mafi, Tahereh",,,421,4.43,232000,"Feb 04, 2014",not set,not set
"Unravel Me (Shatter Me, #2)","Mafi, Tahereh",9780062085535,0062085530,461,4.19,276033,"Feb 05, 2013",not set,not set
"Destroy Me (Shatter Me, #1.5)","Mafi, Tahereh",9780062208194,0062208195,111,4.14,119144,"Oct 02, 2012",not set,not set
"Shatter Me (Shatter Me, #1)","Mafi, Tahereh",,,357,3.91,463591,"Nov 15, 2011",not set,not set
"Champion (Legend, #3)","Lu, Marie",9780399256776,0399256776,369,4.33,196930,"Nov 05, 2013","Apr 20, 2021","Apr 21, 2021"
"Legend (Legend, #1)","Lu, Marie",,,305,4.16,480555,"Nov 29, 2011","Apr 18, 2021","Apr 18, 2021"
"Prodigy (Legend, #2)","Lu, Marie",9780399256769,0399256768,371,4.24,237661,"Jan 29, 2013","Apr 18, 2021","Apr 20, 2021"
"The Midnight Star (The Young Elites, #3)","Lu, Marie",9780399167850,0399167854,316,4.12,39216,"Oct 11, 2016",not set,not set
"The Young Elites (The Young Elites, #1)","Lu, Marie",9780399167836,0399167838,355,3.88,126977,"Oct 07, 2014",not set,not set
"The Rose Society (The Young Elites, #2)","Lu, Marie",9780399167843,0399167846,398,4.04,58412,"Oct 13, 2015",not set,not set
The Night Circus,"Morgenstern, Erin",9780385534635,0385534635,387,4.03,829954,"Sep 13, 2011","Apr 13, 2021","Apr 13, 2021"
To Sleep in a Sea of Stars,"Paolini, Christopher",9781250762849,1250762847,878,3.77,39364,"Sep 15, 2020",not set,not set
"From Blood and Ash (Blood and Ash, #1)","Armentrout, Jennifer L.",9781952457005,1952457009,613,4.3,289942,"Mar 29, 2020",not set,not set
"Supernova (Renegades, #3)","Meyer, Marissa",9781250078384,1250078385,549,4.42,50417,"Nov 05, 2019","Apr 16, 2021","Apr 17, 2021"
"Renegades (Renegades, #1)","Meyer, Marissa",9781250044662,1250044669,552,4.15,108595,"Nov 07, 2017","Apr 15, 2021","Apr 16, 2021"
"Archenemies (Renegades, #2)","Meyer, Marissa",9781250311443,1250311446,560,4.29,61895,"Nov 06, 2018","Apr 16, 2021","Apr 16, 2021"
"Winter (The Lunar Chronicles, #4)","Meyer, Marissa",9780312642983,0312642989,827,4.43,240977,"Nov 10, 2015","Apr 10, 2021","Apr 11, 2021"
"Scarlet (The Lunar Chronicles, #2)","Meyer, Marissa",9780312642969,0312642962,454,4.26,370785,"Feb 05, 2013","Apr 08, 2021","Apr 09, 2021"
"Cress (The Lunar Chronicles, #3)","Meyer, Marissa",9780312642976,0312642970,552,4.42,326559,"Feb 04, 2014","Apr 10, 2021","Apr 10, 2021"
"Cinder (The Lunar Chronicles, #1)","Meyer, Marissa",,,400,4.13,816474,"Jan 03, 2012","Apr 07, 2021","Apr 08, 2021"
"The Crippled God (Malazan Book of the Fallen, #10)","Erikson, Steven",9780593046357,0593046358,921,4.49,26001,"Feb 15, 2011",not set,not set
"Dust of Dreams (Malazan Book of the Fallen, #9)","Erikson, Steven",9780765316554,0765316552,"1,280",4.31,26024,"Aug 18, 2009",not set,not set
"Reaper's Gale (Malazan Book of the Fallen, #7)","Erikson, Steven",9780593046319,0593046315,928,4.38,30191,"May 07, 2007",not set,not set
"Toll the Hounds (Malazan Book of the Fallen, #8)","Erikson, Steven",9780765310088,0765310082,"1,008",4.36,29185,"Jun 30, 2008",not set,not set
"Midnight Tides (Malazan Book of the Fallen, #5)","Erikson, Steven",9780553813142,0553813145,960,4.4,36290,Mar 2004,not set,not set
"The Bonehunters (Malazan Book of the Fallen, #6)","Erikson, Steven",9780553813159,0553813153,"1,203",4.47,35065,"Apr 04, 2006",not set,not set
"House of Chains (Malazan Book of the Fallen, #4)","Erikson, Steven",9780765348814,0765348810,"1,015",4.34,42375,Dec 2002,not set,not set
"Memories of Ice (Malazan Book of the Fallen, #3)","Erikson, Steven",9780765348807,0765348802,925,4.44,50864,"Dec 06, 2001",not set,not set
"Deadhouse Gates (Malazan Book of the Fallen, #2)","Erikson, Steven",9780765310026,0765310023,604,4.24,65045,Sep 2000,not set,not set
"Breach of Peace (Lawful Times, #1)","Greene, Daniel B.",9780578840789,,98,3.59,7100,"Mar 18, 2021",not set,not set
"Fire & Blood (A Targaryen History, #1)","Martin, George R.R.",9781524796280,152479628X,719,3.92,47889,"Nov 20, 2018",not set,not set
Storm in a Teacup: The Physics of Everyday Life,"Czerski, Helen",,,282,4.03,3665,"Jan 10, 2017","Mar 20, 2021","Apr 29, 2021"
"The Hope of Elantris (Elantris, #1.5)","Sanderson, Brandon",,,25,3.69,13202,2006,not set,not set
"Last Argument of Kings (The First Law, #3)","Abercrombie, Joe",9780575077904,0575077905,536,4.31,129857,"Mar 20, 2008",not set,not set
"Before They Are Hanged (The First Law, #2)","Abercrombie, Joe",9780575077881,0575077883,441,4.32,139121,"Mar 15, 2007",not set,not set
"The Blade Itself (The First Law, #1)","Abercrombie, Joe",9780575079793,0575079797,515,4.19,199872,"May 04, 2006",not set,not set
"Ninth House (Alex Stern, #1)","Bardugo, Leigh",9781250313072,1250313074,459,4.04,174530,"Oct 08, 2019",not set,not set
"Rule of Wolves (King of Scars, #2)","Bardugo, Leigh",9781510109186,1510109188,592,4.4,91990,"Mar 30, 2021","Mar 29, 2021","Mar 31, 2021"
"House of Earth and Blood (Crescent City, #1)","Maas, Sarah J.",9781635574043,1635574048,803,4.48,277347,"Mar 03, 2020",not set,not set
"Crooked Kingdom (Six of Crows, #2)","Bardugo, Leigh",,,561,4.61,449935,"Sep 27, 2016","Mar 12, 2021","Mar 13, 2021"
"Six of Crows (Six of Crows, #1)","Bardugo, Leigh",,,465,4.49,669958,"Sep 29, 2015","Mar 11, 2021","Mar 12, 2021"
"King of Scars (King of Scars, #1)","Bardugo, Leigh",,,527,4.18,137868,"Jan 29, 2019","Mar 11, 2021","Mar 15, 2021"
"Summer Knight (The Dresden Files, #4)","Butcher, Jim",9780451458926,0451458923,446,4.26,140175,"Sep 03, 2002","Mar 10, 2021","Mar 20, 2021"
"Ruin and Rising (The Shadow and Bone Trilogy, #3)","Bardugo, Leigh",,,422,4.03,394185,"Jun 17, 2014","Mar 10, 2021","Mar 10, 2021"
"Siege and Storm (The Shadow and Bone Trilogy, #2)","Bardugo, Leigh",,,435,3.86,464368,"Jun 04, 2013","Mar 09, 2021","Mar 10, 2021"
Percy Jackson and the Singer of Apollo,"Riordan, Rick",,,32,4.06,6952,"Sep 17, 2013",not set,not set
Demigods & Magicians: Percy and Annabeth Meet the Kanes,"Riordan, Rick",9781484732786,1484732782,224,4.32,14639,"Apr 05, 2016",not set,not set
The Crown of Ptolemy (Percy Jackson & Kane Chronicles Crossover #3),"Riordan, Rick",9781484709870,148470987X,63,4.37,20880,"Mar 01, 2015",not set,not set
The Staff of Serapis (Percy Jackson & Kane Chronicles Crossover #2),"Riordan, Rick",9781484721346,1484721349,60,4.3,28052,"Apr 08, 2014",not set,not set
"The Son of Sobek (Percy Jackson & Kane Chronicles Crossover, #1)","Riordan, Rick",,,40,4.26,42702,2012,not set,not set
"The Serpent's Shadow (The Kane Chronicles, #3)","Riordan, Rick",9781423140573,1423140575,406,4.28,143484,"May 01, 2012",not set,not set
"The Blood of Olympus (The Heroes of Olympus, #5)","Riordan, Rick",9781423146735,1484724917,516,4.42,262405,"Oct 07, 2014",not set,not set
"The House of Hades (The Heroes of Olympus, #4)","Riordan, Rick",9781423146728,1423146727,597,4.54,336976,"Oct 08, 2013",not set,not set
"The Red Pyramid (The Kane Chronicles, #1)","Riordan, Rick",9781423113386,1423113381,528,4.09,363521,"May 04, 2010",not set,not set
"The Son of Neptune (The Heroes of Olympus, #2)","Riordan, Rick",9781423140597,1423140591,521,4.42,498741,"Oct 04, 2011",not set,not set
"Shadow and Bone (The Shadow and Bone Trilogy, #1)","Bardugo, Leigh",,,358,3.96,740096,"Jun 05, 2012","Mar 08, 2021","Mar 09, 2021"
Reaper Man (Discworld #11),"Pratchett, Terry",9780552134644,0552134643,287,4.27,92648,May 1991,"Feb 27, 2021","Mar 08, 2021"
Astrophysics for People in a Hurry,"Tyson, Neil deGrasse ",9780393609394,0393609391,223,4.08,147294,"May 02, 2017","Feb 19, 2021","Mar 09, 2021"
"The Burning God (The Poppy War, #3)","Kuang, R.F.",9780008339142,0008339147,622,4.33,33369,"Nov 17, 2020",not set,not set
"The Drowning Faith (The Poppy War, #2.5)","Kuang, R.F.",,,15,4.52,6275,Nov 2020,not set,not set
"The Poppy War (The Poppy War, #1)","Kuang, R.F.",9780062662590,0062662597,545,4.12,120263,"May 01, 2018","Feb 14, 2021","Feb 18, 2021"
"The Dragon Republic (The Poppy War, #2)","Kuang, R.F.",,,658,4.39,49458,"Aug 06, 2019",not set,not set
Seven Brief Lessons on Physics,"Rovelli, Carlo",9780399184413,0399184414,81,3.97,47915,"Oct 22, 2014",Jan 2021,"Jan 05, 2021"
The Beat of a Different Drum: The Life and Science of Richard Feynman,"Mehra, Jagdish",9780198539483,0198539487,662,4.17,77,"Mar 31, 1994",not set,not set
Subtle Is the Lord: The Science and the Life of Albert Einstein,"Pais, Abraham",9780192806727,0192806726,576,4.31,1785,1982,not set,not set
Physics of the Future: How Science Will Shape Human Destiny and Our Daily Lives by the Year 2100,"Kaku, Michio",9780385530804,0385530803,416,4.0,16398,"Mar 15, 2011",not set,Jan 2019
"Hyperspace: A Scientific Odyssey Through Parallel Universes, Time Warps, and the Tenth Dimension","Kaku, Michio",9780192861894,0192861891,359,4.14,21641,1994,not set,not set
"Parallel Worlds: A Journey through Creation, Higher Dimensions, and the Future of the Cosmos","Kaku, Michio",9781400033720,1400033721,361,4.2,19599,2004,not set,not set
A Briefer History of Time,"Hawking, Stephen",9780553804362,0553804367,176,4.24,34843,Sep 2005,not set,not set
Brief Answers to the Big Questions,"Hawking, Stephen",9781984819192,1984819194,256,4.29,54984,Oct 2018,not set,not set
The Universe in a Nutshell,"Hawking, Stephen",9780553802023,055380202X,216,4.18,39024,"Oct 06, 2001",not set,not set
"The Fabric of the Cosmos: Space, Time, and the Texture of Reality","Greene, Brian",9780965900584,0965900584,569,4.11,36882,2003,not set,not set
Cosmos,"Sagan, Carl",9780375508325,0375508325,365,4.38,133133,"May 03, 1980",not set,not set
A Short History of Nearly Everything,"Bryson, Bill",9780767908184,076790818X,544,4.2,349111,"May 06, 2003",not set,not set
2 States: The Story of My Marriage,"Bhagat, Chetan",9788129115300,8129115301,269,3.43,91293,"Oct 08, 2009","Jun 05, 2019","Jun 10, 2019"
Five Point Someone: What Not to Do at IIT,"Bhagat, Chetan",9788129104595,8129104598,267,3.43,87395,2004,not set,not set
Half Girlfriend,"Bhagat, Chetan",9788129135728,8129135728,260,3.13,47311,"Sep 30, 2014",not set,not set
The Last Question,"Asimov, Isaac",9781884214493,1884214495,9,4.56,21956,Nov 1956,not set,not set
"Robots and Empire (Robot, #4)","Asimov, Isaac",9780586062005,0586062009,512,4.21,29845,"Aug 20, 1985",not set,not set
"The Robots of Dawn (Robot, #3)","Asimov, Isaac",9780553299496,0553299492,435,4.18,44375,1983,not set,not set
The Naked Sun,"Asimov, Isaac",,,204,4.17,50477,1958,not set,not set
The Caves of Steel (Robot #1),"Asimov, Isaac",,,206,4.18,88692,Oct 1953,not set,not set
Forward the Foundation (Foundation: Prequel #2),"Asimov, Isaac",9780553565072,0553565079,464,4.15,50876,1993,not set,not set
Prelude to Foundation,"Asimov, Isaac",,,464,4.14,78725,May 1988,not set,not set
Foundation and Earth (Foundation #5),"Asimov, Isaac",9780553587579,0553587579,500,4.06,64307,"Oct 01, 1986",not set,not set
Foundation's Edge (Foundation #4),"Asimov, Isaac",9780553293388,0553293389,450,4.16,79796,"Oct 28, 1982",not set,not set
Second Foundation (Foundation #3),"Asimov, Isaac",9780553803730,0553803735,256,4.26,166151,1953,not set,not set
Foundation and Empire (Foundation #2),"Asimov, Isaac",9780553803723,0553803727,244,4.22,182137,1952,not set,not set
Schrödinger's Kittens and the Search for Reality: Solving the Quantum Mysteries,"Gribbin, John",9780316328197,0316328197,272,4.06,1528,1984,not set,not set
"The Search for Superstrings, Symmetry, and the Theory of Everything","Gribbin, John",9780316326148,0316326143,224,3.86,435,1998,not set,not set
Jane Austen: Seven Novels,"Austen, Jane",,,"2,398",4.57,31604,"Jan 28, 1813",not set,not set
तितली,"प्रसाद, जयशंकर",,,300,3.95,316,"Jan 01, 1985",not set,not set
Concepts of Physics (Part 1),"Verma, H.C.",,,456,4.34,1343,1999,not set,not set
प्रेमाश्रम [Premashram],"Premchand, Munshi",,,722,4.21,180,1956,not set,not set
The Merchant of Venice,"Shakespeare, William",,,140,3.79,173667,1596,not set,not set
Prema (Hindi),"Premchand, Munshi",,,172,4.04,256,"Jun 26, 2014",not set,not set
A Brief History Of Time: From the Big Bang To Black Holes,"Hawking, Stephen",9780553175219,0553175211,220,4.2,376432,"Apr 01, 1988",not set,not set
The Universe: A Biography,"Gribbin, John",9780141021478,0141021470,242,3.9,347,"Jan 25, 2007",not set,not set
"One, Two, Three...Infinity: Facts and Speculations of Science","Gamow, George",9780486256641,0486256642,384,4.2,3498,1947,not set,not set
"Surely You're Joking, Mr. Feynman!","Feynman, Richard",9780099173311,009917331X,350,4.26,182891,1985,not set,not set
The Elegant Universe,"Greene, Brian",9780099289920,009928992X,464,4.08,93004,"Feb 01, 1999",not set,not set
In Search of Schrödinger's Cat: Quantum Physics and Reality,"Gribbin, John",,,400,4.05,19699,Sep 1984,not set,not set
David Copperfield,"Dickens, Charles",9788175994287,8175994282,924,4.01,216898,Nov 1850,not set,not set
Flatland: A Romance of Many Dimensions,"Abbott, Edwin A.",9780486272634,048627263X,96,3.81,63933,1884,not set,not set
The Mill on the Floss,"Eliot, George",9788175993839,8175993839,560,3.81,51484,1860,not set,not set
"The Throne of Fire (Kane Chronicles, #2)","Riordan, Rick",9781423142010,1423142012,452,4.19,188989,"May 03, 2011",not set,not set
Murder on the Orient Express,"Christie, Agatha",,,289,4.19,497840,1934,not set,not set
"Mort (Discworld, #4; Death, #1)","Pratchett, Terry",9780061020681,0061020680,243,4.23,221114,"Nov 12, 1987","Nov 27, 2020",Dec 2020
"The Dark Talent (Alcatraz, #5)","Sanderson, Brandon",9780765381408,0765381400,281,4.11,5766,"Sep 06, 2016","Nov 25, 2020","Nov 25, 2020"
"Alcatraz Versus the Shattered Lens (Alcatraz, #4)","Sanderson, Brandon",9780439925570,0439925576,294,4.13,9177,"Dec 01, 2010","Nov 25, 2020","Nov 25, 2020"
"Alcatraz Versus the Knights of Crystallia (Alcatraz, #3)","Sanderson, Brandon",9780439925556,043992555X,299,4.12,10663,Oct 2009,"Nov 23, 2020","Nov 24, 2020"
"Alcatraz Versus the Scrivener's Bones (Alcatraz, #2)","Sanderson, Brandon",9780439925532,0439925533,322,4.13,12982,"Nov 01, 2008","Nov 16, 2020","Nov 23, 2020"
"Alcatraz Versus the Evil Librarians (Alcatraz, #1)","Sanderson, Brandon",9780439925501,0439925509,308,3.91,25181,"Oct 01, 2007","Nov 16, 2020","Nov 16, 2020"
"The Golden Tower (Magisterium, #5)","Black, Holly",9780545522427,,256,4.02,12802,"Sep 11, 2018","Nov 09, 2020","Nov 09, 2020"
The Silver Mask (Magisterium #4),"Black, Holly",9780545522397,,200,4.07,16311,"Aug 29, 2017","Nov 08, 2020","Nov 09, 2020"
"The Bronze Key (Magisterium,  #3)","Black, Holly",9780545522311,0545522315,249,4.1,21940,"Aug 30, 2016","Nov 08, 2020","Nov 08, 2020"
"Dawnshard (The Stormlight Archive, #3.5)","Sanderson, Brandon",,,171,4.53,36250,"Nov 05, 2020","Nov 07, 2020","Nov 10, 2020"
"The Copper Gauntlet (Magisterium, #2)","Black, Holly",9780545522281,0545522285,264,4.12,32806,"Sep 01, 2015","Nov 07, 2020","Nov 08, 2020"
"How the King of Elfhame Learned to Hate Stories (The Folk of the Air, #3.5)","Black, Holly",9780316540827,,200,4.24,97527,"Nov 24, 2020","Nov 25, 2020","Nov 25, 2020"
"The Iron Trial (Magisterium, #1)","Black, Holly",9780545522250,0545522250,295,3.95,69280,"Sep 09, 2014","Nov 05, 2020","Nov 07, 2020"
"The Light of All That Falls (The Licanius Trilogy, #3)","Islington, James",9780356507835,,864,4.41,13662,"Dec 10, 2019","Oct 28, 2020","Oct 30, 2020"
"An Echo of Things to Come (The Licanius Trilogy, #2)","Islington, James",9780316274111,0316274119,752,4.26,20473,"Aug 24, 2017","Oct 25, 2020","Oct 28, 2020"
"The Shadow of What Was Lost (The Licanius Trilogy, #1)","Islington, James",9780992580209,099258020X,602,4.14,38047,"Aug 03, 2014","Oct 21, 2020","Oct 25, 2020"
Alice's Adventures in Wonderland / Through the Looking-Glass,"Carroll, Lewis",9780451527745,0451527747,239,4.06,513044,"Dec 27, 1871",not set,not set
"Morning Star (Red Rising Saga, #3)","Brown, Pierce",9780345539847,0345539842,524,4.48,150327,"Feb 09, 2016",Oct 2020,"Oct 02, 2020"
"Golden Son (Red Rising Saga, #2)","Brown, Pierce",9780345539823,0345539826,430,4.44,180630,"Jan 06, 2015","Sep 29, 2020","Sep 30, 2020"
"Red Rising (Red Rising Saga, #1)","Brown, Pierce",9780345539786,0345539788,382,4.25,303554,"Jan 28, 2014","Sep 28, 2020","Sep 29, 2020"
"Royal Assassin (Farseer Trilogy, #2)","Hobb, Robin",,,675,4.24,170983,Mar 1996,"Sep 21, 2020","Oct 21, 2020"
"A Wizard of Earthsea (Earthsea Cycle, #1)","Le Guin, Ursula K.",9780553383041,0553383043,183,4.0,277543,1968,not set,not set
"Glass Sword (Red Queen, #2)","Aveyard, Victoria",9780062310668,0062310666,444,3.84,285948,"Feb 09, 2016",Sep 2020,"Sep 02, 2020"
"Red Queen (Red Queen, #1)","Aveyard, Victoria",,,388,4.03,802107,"Feb 10, 2015","Aug 31, 2020",Sep 2020
"The Prince (The Selection, #0.5)","Cass, Kiera",9780062248169,0062248162,64,3.91,75112,"Mar 05, 2013","Aug 31, 2020","Aug 31, 2020"
"The One (The Selection, #3)","Cass, Kiera",9780062059994,0062059998,323,4.17,551591,"May 06, 2014","Aug 30, 2020","Aug 31, 2020"
"The Elite (The Selection, #2)","Cass, Kiera",9780062059963,0062059963,336,3.97,620471,"Apr 23, 2013","Aug 30, 2020","Aug 30, 2020"
"The Selection (The Selection, #1)","Cass, Kiera",9780062059932,0062059939,336,4.1,1256188,"Apr 24, 2012","Aug 29, 2020","Aug 30, 2020"
"The Lost Sisters (The Folk of the Air, #1.5)","Black, Holly",9780316310444,,50,3.49,41100,"Oct 02, 2018","Aug 26, 2020","Aug 27, 2020"
"Fool Moon (The Dresden Files, #2)","Butcher, Jim",9780451458124,0451458125,401,3.99,180447,"Jan 01, 2001","Aug 25, 2020","Aug 29, 2020"
"Storm Front (The Dresden Files, #1)","Butcher, Jim",9780451457813,0451457811,355,3.98,325525,Apr 2000,"Aug 25, 2020","Aug 25, 2020"
"White Sand, Volume 1 (White Sand, #1)","Sanderson, Brandon",9781606908853,1606908855,160,3.63,13713,"Jun 21, 2016",not set,not set
Shadows for Silence in the Forests of Hell,"Sanderson, Brandon",,,50,4.2,16705,"Dec 03, 2013","Aug 21, 2020","Aug 25, 2020"
"The Eleventh Metal (Mistborn, #0.5)","Sanderson, Brandon",,,21,3.84,11055,"Apr 11, 2012",not set,Jan 2020
Sixth of the Dusk (The Cosmere),"Sanderson, Brandon",,,59,4.25,16061,"Oct 16, 2014","Aug 21, 2020","Aug 27, 2020"
"American Gods (American Gods, #1)","Gaiman, Neil",,,635,4.11,845482,"Jun 19, 2001",not set,not set
White Sand,"Sanderson, Brandon",,,995,4.14,1537,unknown,"Aug 11, 2020","Aug 20, 2020"
"Dragons of Spring Dawning (Dragonlance: Chronicles, #3)","Weis, Margaret",9780786930708,0786930705,352,4.11,55843,"Sep 12, 1985",not set,not set
"Dragons of Autumn Twilight  (Dragonlance: Chronicles, #1)","Weis, Margaret",9780786915743,0786915749,444,4.0,112508,"Nov 12, 1984",not set,not set
"Dragons of Winter Night (Dragonlance: Chronicles, #2)","Weis, Margaret",9781932796780,1932796789,358,4.12,48640,Jul 1985,not set,not set
"A Memory of Light (Wheel of Time, #14)","Jordan, Robert",,,"1,025",4.53,124028,"Jan 08, 2013","Aug 09, 2020","Aug 11, 2020"
"The Thorn of Emberlain (Gentleman Bastard, #4)","Lynch, Scott",9780575079588,0575079584,512,4.29,2401,unknown,not set,not set
"Red Seas Under Red Skies (Gentleman Bastard, #2)","Lynch, Scott",,,578,4.24,127888,"Jun 21, 2007",not set,not set
"The Republic of Thieves (Gentleman Bastard, #3)","Lynch, Scott",9780553804690,0553804693,650,4.21,96349,"Oct 08, 2013",not set,not set
"The Lies of Locke Lamora (Gentleman Bastard, #1)","Lynch, Scott",,,752,4.28,260485,"Jun 01, 2006",not set,not set
"The Winds of Winter (A Song of Ice and Fire, #6)","Martin, George R.R.",9780002247412,0002247410,,4.4,9735,unknown,not set,not set
"A Dream of Spring (A Song of Ice and Fire, #7)","Martin, George R.R.",,,,4.37,2007,unknown,not set,not set
The Way of Kings Prime,"Sanderson, Brandon",,,803,4.01,775,"Jul 07, 2020",not set,not set
"The Last Battle (Chronicles of Narnia, #7)","Lewis, C.S.",9780007202324,0007202326,288,4.01,250412,"Sep 04, 1956",not set,not set
"The Magician's Nephew (Chronicles of Narnia, #6)","Lewis, C.S.",9780060764906,0060764902,221,4.04,478468,"May 02, 1955","Oct 31, 2020","Nov 04, 2020"
"The Silver Chair (Chronicles of Narnia, #4)","Lewis, C.S.",,,243,3.95,269656,"Sep 07, 1953",not set,not set
"The Voyage of the Dawn Treader (Chronicles of Narnia, #3)","Lewis, C.S.",9780061125270,006112527X,248,4.09,433982,"Sep 15, 1952",not set,not set
"Redemption (Infinity Blade, #2)","Sanderson, Brandon",9780983943020,0983943028,200,3.85,5853,"Sep 03, 2013","Aug 21, 2020","Aug 21, 2020"
"Awakening (Infinity Blade, #1)","Sanderson, Brandon",,,128,3.87,13443,"Jun 18, 2011","Jul 15, 2020","Aug 21, 2020"
"Towers of Midnight (The Wheel of Time, #13)","Jordan, Robert",9780765325945,0765325942,863,4.44,139889,"Nov 02, 2010","Aug 08, 2020","Aug 09, 2020"
"The Gathering Storm (The Wheel of Time, #12)","Jordan, Robert",9780765302304,0765302306,783,4.39,142288,"Nov 07, 2009","Aug 06, 2020","Aug 08, 2020"
"Knife of Dreams (The Wheel of Time, #11)","Jordan, Robert",9780812577563,0812577566,860,4.17,115110,"Oct 03, 2005","Aug 04, 2020","Aug 06, 2020"
"Crossroads of Twilight (The Wheel of Time, #10)","Jordan, Robert",9780312864590,0312864590,704,3.8,106338,"Jan 07, 2003","Aug 04, 2020","Aug 04, 2020"
"Winter's Heart (The Wheel of Time, #9)","Jordan, Robert",9780812575583,081257558X,780,3.95,119362,"Nov 07, 2000","Aug 03, 2020","Aug 04, 2020"
"The Path of Daggers (The Wheel of Time, #8)","Jordan, Robert",9780812550290,0812550293,685,3.92,124927,"Oct 20, 1998","Aug 02, 2020","Aug 03, 2020"
"A Crown of Swords (The Wheel of Time, #7)","Jordan, Robert",9780812550283,0812550285,880,4.05,145206,"May 15, 1996",Aug 2020,"Aug 02, 2020"
"Lord of Chaos (The Wheel of Time, #6)","Jordan, Robert",9780812513752,0812513754,"1,011",4.16,150918,"Oct 15, 1994","Jul 29, 2020","Jul 31, 2020"
"The Fires of Heaven (The Wheel of Time, #5)","Jordan, Robert",9781857232097,1857232097,912,4.18,162941,"Oct 15, 1993","Jul 28, 2020","Jul 29, 2020"
"The Shadow Rising (The Wheel of Time, #4)","Jordan, Robert",9780812513738,0812513738,"1,007",4.26,202091,"Sep 15, 1992","Jul 25, 2020","Jul 28, 2020"
"The Dragon Reborn (The Wheel of Time, #3)","Jordan, Robert",9780765305114,0765305119,624,4.26,252324,"Oct 15, 1991","Jul 23, 2020","Jul 25, 2020"
"The Strike at Shayol Ghul (The Wheel of Time, #0.1)","Jordan, Robert",,,7,3.89,5523,1996,not set,not set
"New Spring (The Wheel of Time, #0)","Jordan, Robert",9781841492612,1841492612,423,4.04,90400,"Jan 06, 2004","Aug 11, 2020","Aug 26, 2020"
How Old Holly Came to Be,"Rothfuss, Patrick",,,11,3.27,863,"Jun 21, 2013",not set,not set
Rogues,"Martin, George R.R.",9780345537263,0345537262,806,3.89,22259,"Jun 17, 2014",not set,not set
"The Doors of Stone (The Kingkiller Chronicle, #3)","Rothfuss, Patrick",9780575081444,0575081449,896,3.61,4188,unknown,not set,not set
"Skin Deep (Legion, #2)","Sanderson, Brandon",,,208,4.13,19005,"Nov 24, 2014","Aug 21, 2020","Aug 22, 2020"
"Lies of the Beholder (Legion, #3)","Sanderson, Brandon",9781596068858,159606885X,148,4.13,5714,"Sep 20, 2018","Aug 21, 2020","Aug 22, 2020"
"Secret History (Mistborn, #3.5)","Sanderson, Brandon",,,160,4.37,38126,"Jan 26, 2016",not set,not set
"Mitosis (The Reckoners, #1.5)","Sanderson, Brandon",9780449818435,0449818438,55,3.86,35176,"Dec 03, 2013","Jul 14, 2020","Jul 15, 2020"
"Legion (Legion, #1)","Sanderson, Brandon",9781596064850,1596064854,88,4.14,37590,"Aug 31, 2012","Aug 21, 2020","Aug 22, 2020"
"Mistborn Trilogy Boxed Set (Mistborn, #1-3)","Sanderson, Brandon",9780765365439,076536543X,"2,176",4.58,47135,"Nov 03, 2009",not set,not set
"The Rithmatist (The Rithmatist, #1)","Sanderson, Brandon",,,353,4.23,61132,"May 13, 2013","Oct 29, 2020","Oct 30, 2020"
"Calamity (Reckoners, #3)","Sanderson, Brandon",9780385743600,0385743602,424,4.19,71313,"Feb 16, 2016","Jul 15, 2020","Jul 15, 2020"
"Firefight (The Reckoners, #2)","Sanderson, Brandon",9780385743587,0385743580,416,4.26,91644,"Jan 06, 2015","Jul 14, 2020","Jul 15, 2020"
"Steelheart (The Reckoners, #1)","Sanderson, Brandon",9780385743563,0385743564,386,4.14,167362,"Sep 24, 2013","Jul 12, 2020","Jul 14, 2020"
"Starsight (Skyward, #2)","Sanderson, Brandon",9781473217904,1473217903,461,4.41,64190,"Nov 26, 2019","Jul 05, 2020","Jul 13, 2020"
"Skyward (Skyward, #1)","Sanderson, Brandon",9781473217850,1473217857,513,4.5,103118,"Nov 06, 2018","Jul 03, 2020","Jul 05, 2020"
"The Lost Metal (Mistborn, #7)","Sanderson, Brandon",9780765391193,0765391198,464,4.35,1802,"Nov 15, 2022",not set,not set
"The Bands of Mourning (Mistborn, #6)","Sanderson, Brandon",,,448,4.42,96449,"Jan 26, 2016",Jul 2020,"Jul 03, 2020"
"Shadows of Self (Mistborn, #5)","Sanderson, Brandon",9780765378552,0765378558,383,4.29,107782,"Oct 06, 2015","Jun 30, 2020",Jul 2020
"The Alloy of Law (Mistborn, #4)","Sanderson, Brandon",9780765330420,0765330423,332,4.21,167885,"Nov 08, 2011","Jun 27, 2020","Jun 30, 2020"
The Emperor's Soul (The Cosmere),"Sanderson, Brandon",9781616960926,1616960922,175,4.35,76222,"Oct 11, 2012","Jun 19, 2020","Jun 20, 2020"
Circe,"Miller, Madeline",9780316556347,0316556343,393,4.26,686807,"Apr 10, 2018","Aug 14, 2021","Aug 31, 2021"
"Warbreaker (Warbreaker, #1)","Sanderson, Brandon",,,688,4.29,151710,"Jun 09, 2009","Jun 26, 2020","Jun 28, 2020"
"Rhythm of War (The Stormlight Archive, #4)","Sanderson, Brandon",,,"1,270",4.62,87819,"Nov 17, 2020","Nov 16, 2020","Nov 21, 2020"
"Oathbringer (The Stormlight Archive, #3)","Sanderson, Brandon",9780765326379,076532637X,"1,248",4.6,178449,"Nov 14, 2017","Jun 14, 2020","Jun 17, 2020"
"Words of Radiance (The Stormlight Archive, #2)","Sanderson, Brandon",9780765326362,0765326361,"1,087",4.75,267227,"Mar 04, 2014","Jun 09, 2020","Jun 14, 2020"
"Edgedancer (The Stormlight Archive, #2.5)","Sanderson, Brandon",9781250166548,1250166543,272,4.26,64656,"Oct 17, 2017","Jun 21, 2020","Jun 26, 2020"
"A Storm of Swords: Steel and Snow (A Song of Ice and Fire, #3: Part 1 of 2)","Martin, George R.R.",9780006479901,0006479901,663,4.45,76402,"Aug 08, 2000",not set,not set
"A Storm of Swords 2: Blood and Gold (A Song of Ice and Fire, #3, Part 2 of 2)","Martin, George R.R.",9780007119554,0007119550,639,4.53,87749,"Aug 08, 2000",not set,not set
"Legacy (Keeper of the Lost Cities, #8)","Messenger, Shannon",,,797,4.49,16785,"Nov 05, 2019",not set,not set
"Flashback (Keeper of the Lost Cities, #7)","Messenger, Shannon",9781481497459,1481497456,848,4.4,18965,"Nov 06, 2018",not set,not set
"Nightfall (Keeper of the Lost Cities, #6)","Messenger, Shannon",9781481497428,1481497421,576,4.58,21619,"Nov 07, 2017",not set,not set
"Lodestar (Keeper of the Lost Cities, #5)","Messenger, Shannon",,,688,4.59,23870,"Nov 01, 2016",not set,not set
"Neverseen (Keeper of the Lost Cities, #4)","Messenger, Shannon",,,672,4.62,27156,"Nov 03, 2015","May 03, 2020","May 05, 2020"
"Everblaze (Keeper of the Lost Cities, #3)","Messenger, Shannon",9781442445994,1442445998,624,4.55,29346,"Aug 03, 2014","May 02, 2020","May 03, 2020"
"Keeper of the Lost Cities (Keeper of the Lost Cities, #1)","Messenger, Shannon",9781442445932,1442445939,496,4.43,52094,"Oct 02, 2012","Apr 28, 2020","Apr 30, 2020"
"Exile (Keeper of the Lost Cities, #2)","Messenger, Shannon",9781442445987,,576,4.51,34006,"Oct 01, 2013","Apr 30, 2020","May 02, 2020"
"The Queen of Nothing (The Folk of the Air, #3)","Black, Holly",9780316310406,0316310409,300,4.37,351505,"Nov 19, 2019","Aug 27, 2020","Aug 28, 2020"
"The Wicked King (The Folk of the Air, #2)","Black, Holly",9780316310338,0316310336,336,4.34,399504,"Jan 08, 2019","Aug 26, 2020","Aug 27, 2020"
"The Cruel Prince (The Folk of the Air, #1)","Black, Holly",,,370,4.1,642732,"Jan 02, 2018","Aug 26, 2020","Aug 26, 2020"
Arcanum Unbounded: The Cosmere Collection,"Sanderson, Brandon",9780765391162,0765391163,672,4.5,32561,"Nov 08, 2016",not set,not set
"Sabriel (Abhorsen,  #1)","Nix, Garth",9780064471831,0064471837,491,4.15,199495,May 1995,not set,not set
"The Dark Prophecy (The Trials of Apollo, #2)","Riordan, Rick",9781484746424,1484746422,414,4.19,83394,"May 02, 2017","Apr 24, 2020","Apr 28, 2020"
"The Tower of Nero (The Trials of Apollo, #5)","Riordan, Rick",9781484746455,1484746457,410,4.53,39729,"Oct 06, 2020","Oct 05, 2020","Oct 08, 2020"
"The Burning Maze (The Trials of Apollo, #3)","Riordan, Rick",9781368024129,1484746430,448,4.32,63184,"May 01, 2018","Apr 28, 2020",May 2020
"The Hidden Oracle (The Trials of Apollo, #1)","Riordan, Rick",9781484732748,148473274X,384,4.19,149688,"May 03, 2016","Apr 22, 2020","Apr 24, 2020"
"Elantris (Elantris, #1)","Sanderson, Brandon",9780765350374,0765350378,622,4.18,215210,May 2005,"Apr 24, 2020","May 23, 2020"
Norse Mythology,"Gaiman, Neil",,,301,4.09,273408,"Feb 07, 2017",not set,not set
Stardust,"Gaiman, Neil",9780061142024,0061142026,248,4.09,405582,1998,not set,not set
To Kill A Mockingbird,"Lee, Harper",9780333398548,0333398548,96,4.27,5307189,"Jul 11, 1960",not set,not set
"I, Robot (Robot, #0.1)","Asimov, Isaac",9780553803709,0553803700,224,4.21,313054,"Dec 02, 1950",not set,not set
The Time Machine,"Wells, H.G.",,,118,3.9,468064,"May 07, 1895",not set,not set
"The Hobbit, Part One","Tolkien, J.R.R.",9780007926664,,230,4.3,373652,"Sep 21, 1937",not set,not set
The Great Gatsby,"Fitzgerald, F. Scott",,,180,3.93,4481181,"Apr 10, 1925","May 28, 2021","May 29, 2021"
Dune,"Herbert, Frank",9780593099322,059309932X,658,4.25,1087397,Jun 1965,"Sep 17, 2021","Nov 08, 2021"
The Princess Bride,"Goldman, William",9780345418265,0345418263,456,4.26,845025,"Sep 01, 1973",not set,not set
"A Court of Frost and Starlight (A Court of Thorns and Roses, #3.1)","Maas, Sarah J.",9781681196312,168119631X,229,3.8,382026,"May 01, 2018",not set,not set
"Tower of Dawn (Throne of Glass, #6)","Maas, Sarah J.",9781681195773,1681195771,660,4.28,226283,"Sep 05, 2017","Apr 22, 2020","Apr 24, 2020"
"Kingdom of Ash (Throne of Glass, #7)","Maas, Sarah J.",9781619636101,1619636107,984,4.61,241446,"Oct 23, 2018","Apr 22, 2020","May 05, 2020"
"The Assassin's Blade (Throne of Glass, #0.1-0.5)","Maas, Sarah J.",9781408852590,1408852594,448,4.33,237977,"Mar 04, 2014",not set,not set
"Empire of Storms (Throne of Glass, #5)","Maas, Sarah J.",,,689,4.56,321013,"Sep 06, 2016","Apr 18, 2020","Apr 22, 2020"
"Queen of Shadows (Throne of Glass, #4)","Maas, Sarah J.",9781619636040,1619636042,648,4.55,385603,"Sep 01, 2015","Apr 13, 2020","Apr 18, 2020"
"A Court of Wings and Ruin (A Court of Thorns and Roses, #3)","Maas, Sarah J.",9781408857908,1408857901,705,4.43,585040,"May 02, 2017",not set,not set
"A Court of Thorns and Roses (A Court of Thorns and Roses, #1)","Maas, Sarah J.",9781619634442,1619634449,432,4.19,1024506,"May 05, 2015",not set,not set
"A Court of Mist and Fury (A Court of Thorns and Roses, #2)","Maas, Sarah J.",,,626,4.61,730920,"May 03, 2016",not set,not set
"The Great Hunt (The Wheel of Time, #2)","Jordan, Robert",9780812517729,0812517725,705,4.25,274973,"Nov 15, 1990","Jul 20, 2020","Jul 23, 2020"
"City of Glass (The Mortal Instruments, #3)","Clare, Cassandra",9781416914303,1416914307,541,4.29,891668,"Mar 24, 2009",not set,not set
"The Chronicles of Narnia (Chronicles of Narnia, #1-7)","Lewis, C.S.",9780066238500,0066238501,767,4.26,589512,1956,not set,not set
The Tales of Beedle the Bard (Hogwarts Library),"Rowling, J.K.",9780747599876,0747599874,109,4.05,457681,"Dec 04, 2008",not set,not set
"Prince Caspian (Chronicles of Narnia, #2)","Lewis, C.S.",9780007202300,000720230X,240,3.98,394537,"Oct 15, 1951",not set,not set
"City of Ashes (The Mortal Instruments, #2)","Clare, Cassandra",9781416914297,1416914293,453,4.13,854461,"Aug 07, 2008","Oct 04, 2020","Oct 05, 2020"
The Silmarillion,"Tolkien, J.R.R.",9780618391110,0618391118,386,3.96,247823,"Sep 15, 1977",not set,not set
"Assassin's Apprentice (Farseer Trilogy, #1)","Hobb, Robin",9780553573398,055357339X,435,4.17,275409,May 1995,"May 25, 2020","Sep 21, 2020"
"Harry Potter and the Cursed Child: Parts One and Two (Harry Potter, #8)","Tiffany, John",,,343,3.53,870269,"Jul 31, 2016",not set,not set
"Graceling (Graceling Realm, #1)","Cashore, Kristin",9780152063962,,471,4.07,429684,"Oct 01, 2008",not set,not set
The Lord of the Rings,"Tolkien, J.R.R.",,,"1,216",4.51,620072,"Oct 20, 1955",not set,not set
"A Dance with Dragons (A Song of Ice and Fire, #5)","Martin, George R.R.",,,"1,125",4.32,602429,"Jul 12, 2011","Mar 27, 2021","Apr 07, 2021"
"The Golden Compass (His Dark Materials, #1)","Pullman, Philip",9780679879244,0679879242,399,4.01,1415133,"Jul 01, 1995",not set,not set
"The Return of the King (The Lord of the Rings, #3)","Tolkien, J.R.R.",,,404,4.55,776019,"Oct 20, 1955",not set,not set
"The Two Towers (The Lord of the Rings, #2)","Tolkien, J.R.R.",9780618346264,0618346260,322,4.46,828337,"Nov 11, 1954",not set,not set
"Heir of Fire (Throne of Glass, #3)","Maas, Sarah J.",9781619630659,1619630656,565,4.46,443572,"Sep 02, 2014","Apr 10, 2020","Apr 13, 2020"
"The Assassin and the Empire (Throne of Glass, #0.5)","Maas, Sarah J.",,,94,4.41,33530,"Jul 20, 2012","Apr 09, 2020","Apr 09, 2020"
"The Assassin and the Underworld (Throne of Glass, #0.4)","Maas, Sarah J.",,,102,4.36,33530,"May 01, 2012","Apr 09, 2020","Apr 10, 2020"
"The Assassin and the Desert (Throne of Glass, #0.3)","Maas, Sarah J.",,,103,4.39,36697,"Mar 30, 2012","Apr 09, 2020","Apr 09, 2020"
"The Assassin and the Healer (Throne of Glass, #0.2)","Maas, Sarah J.",,,40,4.21,26540,"Mar 30, 2012","Apr 09, 2020","Apr 10, 2020"
"The Assassin and the Pirate Lord (Throne of Glass, #0.1)","Maas, Sarah J.",,,70,4.22,40978,"Jan 13, 2012","Apr 09, 2020","Apr 10, 2020"
"Crown of Midnight (Throne of Glass, #2)","Maas, Sarah J.",9781619630628,1619630621,420,4.36,522520,"Aug 15, 2013","Apr 08, 2020","Apr 10, 2020"
"Throne of Glass (Throne of Glass, #1)","Maas, Sarah J.",,,406,4.19,853400,"Aug 02, 2012","Apr 08, 2020","Apr 09, 2020"
"A Feast for Crows (A Song of Ice and Fire, #4)","Martin, George R.R.",9780553582024,055358202X,"1,061",4.15,676984,"Oct 17, 2005","Jan 29, 2021","Mar 27, 2021"
"The Slow Regard of Silent Things (The Kingkiller Chronicle, #2.5)","Rothfuss, Patrick",9780756410438,0756410436,159,3.89,130547,"Oct 28, 2014",not set,not set
"The Sea of Monsters (Percy Jackson and the Olympians, #2)","Riordan, Rick",9780786856862,0786856866,279,4.24,940782,"Apr 01, 2006","Oct 13, 2020","Oct 13, 2020"
"The Hero of Ages (Mistborn, #3)","Sanderson, Brandon",9780765316899,0765316897,572,4.5,328867,"Oct 14, 2008","Apr 06, 2020","Apr 08, 2020"
"The Well of Ascension (Mistborn, #2)","Sanderson, Brandon",9780765316882,0765316889,590,4.37,356839,"Aug 21, 2007","Mar 30, 2020","Apr 05, 2020"
"Blood of Elves (The Witcher, #1)","Sapkowski, Andrzej",9780316029193,031602919X,398,4.1,159450,1994,not set,not set
"The Final Empire (Mistborn, #1)","Sanderson, Brandon",9780765311788,,541,4.46,515319,"Jul 17, 2006",Oct 2020,"Oct 03, 2020"
"The Ship of the Dead (Magnus Chase and the Gods of Asgard, #3)","Riordan, Rick",9781423160939,1423160932,410,4.39,69875,"Oct 03, 2017","Mar 26, 2020","Apr 02, 2020"
"The Red Pyramid: The Graphic Novel (The Kane Chronicles: The Graphic Novels, #1)","Collar, Orpheus",9781423150688,1423150686,192,4.29,20097,"Oct 02, 2012",not set,not set
"The Wise Man's Fear (The Kingkiller Chronicle, #2)","Rothfuss, Patrick",9780756404734,0756404738,994,4.55,490920,"Mar 01, 2011","Jul 09, 2020","Jul 12, 2020"
"The Mark of Athena (The Heroes of Olympus, #3)","Riordan, Rick",9781423140603,1423140605,586,4.46,518248,"Oct 02, 2012",not set,not set
"The Hammer of Thor (Magnus Chase and the Gods of Asgard, #2)","Riordan, Rick",9781423160922,1423160924,459,4.34,90586,"Oct 04, 2016","Mar 14, 2020","Mar 20, 2020"
"The Sword of Summer (Magnus Chase and the Gods of Asgard, #1)","Riordan, Rick",9781423160915,1423160916,499,4.24,184236,"Oct 06, 2015","Mar 10, 2020","Mar 14, 2020"
"The Lost Hero (The Heroes of Olympus, #1)","Riordan, Rick",9781423113393,142311339X,553,4.32,735776,"Oct 12, 2010",not set,not set
A Christmas Carol,"Dickens, Charles",9781561797462,1561797464,104,4.07,716731,"Dec 17, 1843",not set,not set
Emma,"Austen, Jane",9780141439587,0141439580,474,4.03,767054,"Sep 23, 1815",not set,not set
Sense and Sensibility,"Austen, Jane",,,409,4.08,1074833,"Oct 30, 1811",not set,not set
Jane Eyre,"Brontë, Charlotte",9780142437209,0142437204,532,4.14,1862402,"Oct 16, 1847","Jan 04, 2020","Jan 25, 2020"
Jane Eyre,"Claybourne, Anna",9780794518707,0794518702,176,4.38,4617,"Jul 28, 2006",not set,not set
"The Name of the Wind (The Kingkiller Chronicle, #1)","Rothfuss, Patrick",9780756404079,075640407X,662,4.52,836328,"Mar 27, 2007","Jun 29, 2020","Jul 08, 2020"
"The Way of Kings (The Stormlight Archive, #1)","Sanderson, Brandon",9780765326355,0765326353,"1,007",4.64,384475,"Aug 31, 2010","May 25, 2020","Jun 09, 2020"
J.R.R. Tolkien 4-Book Boxed Set: The Hobbit and The Lord of the Rings,"Tolkien, J.R.R.",9780345538376,0345538374,"1,728",4.6,122871,"Oct 20, 1955",not set,not set
The Gunslinger,"King, Stephen",,,231,3.94,559196,"Jun 01, 1982",not set,not set
"The Eye of the World (The Wheel of Time, #1)","Jordan, Robert",9780812511819,0812511816,800,4.18,472034,"Jan 15, 1990","Jul 16, 2020","Jul 20, 2020"
"The Last Olympian (Percy Jackson and the Olympians, #5)","Riordan, Rick",9781423101475,1423101472,381,4.52,824134,"May 05, 2009",not set,not set
"The Titan's Curse (Percy Jackson and the Olympians, #3)","Riordan, Rick",9780141382890,0141382899,320,4.36,855442,"May 05, 2007","Oct 14, 2020","Oct 15, 2020"
The Hobbit,"Tolkien, J.R.R.",,,322,4.28,3394488,"Sep 21, 1937","Mar 20, 2021",not set
"A Clash of Kings  (A Song of Ice and Fire, #2)","Martin, George R.R.",9780553381696,0553381695,969,4.41,854763,"Nov 16, 1998","Dec 06, 2020","Dec 13, 2020"
"The Tyrant’s Tomb (The Trials of Apollo, #4)","Riordan, Rick",9781368001441,1368001440,439,4.35,48703,"Sep 24, 2019",May 2020,"May 09, 2020"
The Fault in Our Stars,"Green, John",,,313,4.16,4365773,"Jan 10, 2012",not set,not set
Gulliver's Travels: Travels into Several Remote Nations of the World.,"Swift, Jonathan",9780141439495,0141439491,306,3.58,254180,1726,not set,not set
Wuthering Heights by Emily Brontë,"Spear, Hilda D.",9780333372869,0333372867,96,4.14,26382,"Apr 04, 1985",not set,not set
Gone with the Wind,"Mitchell, Margaret",9780446675536,0446675539,"1,037",4.3,1151877,"Jun 30, 1936",not set,not set
Northanger Abbey,"Austen, Jane",9781593082642,1593082649,260,3.84,349425,Dec 1817,not set,not set
Mansfield Park,"Austen, Jane",9780141439808,0141439807,488,3.86,317304,"Jul 01, 1814",not set,not set
Persuasion,"Austen, Jane",9780192802637,0192802631,249,4.14,598043,1817,not set,not set
A Thousand Splendid Suns,"Hosseini, Khaled",9781594489501,1594489505,372,4.4,1337589,"May 22, 2007",not set,not set
The Kite Runner,"Hosseini, Khaled",,,371,4.32,2783661,"May 29, 2003",not set,not set
Frankenstein: The 1818 Text,"Shelley, Mary",,,260,3.84,1356471,"Jan 01, 1818",not set,not set
The Alchemist,"Coelho, Paulo",9780062315007,0062315005,175,3.9,2560601,1988,not set,not set
Great Expectations,"Dickens, Charles",9780192833594,0192833596,544,3.79,729069,"Jan 01, 1860",not set,not set
"Foundation (Foundation, #1)","Asimov, Isaac",9780553803716,0553803719,244,4.17,478563,"Aug 30, 1951",not set,Dec 2018
Animal Farm,"Orwell, George",9780451526342,0451526341,141,3.97,3294794,"Aug 17, 1945",not set,not set
Little Women,"Alcott, Louisa May",,,449,4.12,1951814,1868,not set,not set
"A Storm of Swords (A Song of Ice and Fire, #3)","Martin, George R.R.",,,"1,218",4.54,717387,"Aug 08, 2000","Dec 13, 2020","Jan 29, 2021"
"City of Bones (The Mortal Instruments, #1)","Clare, Cassandra",,,485,4.08,1833506,"May 27, 2007","Oct 03, 2020","Oct 04, 2020"
"New Moon (The Twilight Saga, #2)","Meyer, Stephenie",,,563,3.57,1700735,"Sep 06, 2006",not set,not set
"The Lightning Thief (Percy Jackson and the Olympians, #1)","Riordan, Rick",,,377,4.28,2469039,"Jun 28, 2005","Oct 09, 2020","Oct 13, 2020"
"Twilight (The Twilight Saga, #1)","Meyer, Stephenie",9780316015844,0316015849,498,3.63,5777321,"Oct 05, 2005",not set,not set
"Harry Potter and the Goblet of Fire (Harry Potter, #4)","Rowling, J.K.",,,734,4.57,3087187,"Jul 08, 2000",not set,not set
"Harry Potter and the Half-Blood Prince (Harry Potter, #6)","Rowling, J.K.",,,652,4.57,2859663,"Jul 16, 2005",not set,not set
"Harry Potter and the Deathly Hallows (Harry Potter, #7)","Rowling, J.K.",,,759,4.62,3266973,"Jul 21, 2007",not set,not set
"Mockingjay (The Hunger Games, #3)","Collins, Suzanne",9780439023511,0439023513,398,4.06,2747278,"Aug 24, 2010","May 25, 2020","Jun 14, 2020"
"Catching Fire (The Hunger Games, #2)","Collins, Suzanne",9780439023498,0439023491,391,4.3,2994402,"Sep 01, 2009","May 15, 2020","May 23, 2020"
"The Hunger Games (The Hunger Games, #1)","Collins, Suzanne",9780439023481,0439023483,374,4.32,7429105,"Sep 14, 2008","May 05, 2020","May 11, 2020"
"Harry Potter and the Order of the Phoenix (Harry Potter, #5)","Rowling, J.K.",,,870,4.5,2953096,"Jun 21, 2003",not set,not set
"Alice's Adventures in Wonderland (Alice's Adventures in Wonderland, #1)","Carroll, Lewis",,,96,3.99,327233,"Nov 26, 1865",not set,not set
"A Study in Scarlet (Sherlock Holmes, #1)","Doyle, Arthur Conan",9781420925531,1420925539,123,4.14,388272,"Nov 01, 1887",not set,not set
"The Battle of the Labyrinth (Percy Jackson and the Olympians, #4)","Riordan, Rick",,,361,4.41,899648,"Mar 06, 2008","Oct 13, 2020","Oct 14, 2020"
"Harry Potter and the Prisoner of Azkaban (Harry Potter, #3)","Rowling, J.K.",9780439655484,043965548X,435,4.58,3482360,"Jun 08, 1999",not set,not set
"Harry Potter and the Chamber of Secrets (Harry Potter, #2)","Rowling, J.K.",,,341,4.43,3313391,"Jul 02, 1998",not set,May 2018
"The Fellowship of the Ring (The Lord of the Rings, #1)","Tolkien, J.R.R.",9780618346257,0618346252,398,4.38,2582523,"Jul 29, 1954",not set,not set
"Harry Potter and the Sorcerer's Stone (Harry Potter, #1)","Rowling, J.K.",,,309,4.48,8581826,"Jun 26, 1997",not set,May 2018
Pride and Prejudice,"Austen, Jane",,,279,4.28,3634644,"Jan 28, 1813",not set,Jan 2019
