Book Name,Author,ISBN 13,ISBN,Number of Pages,Average Rating,Total Number of Ratings,Publication Date,Date Started,Date Completed,Name,Series,Volume,Goodreads Url
The Lightning Tree,Patrick Rothfuss,,,93,4.0,2156,2014-01-01,2022-04-16,2022-04-16,The Lightning Tree,Standalone,1,https://www.goodreads.com/book/show/55262194
"What If? Serious Scientific Answers to Absurd Hypothetical Questions (What If?, #1)",Randall Munroe,9780544272996.0,0544272994,303,4.14,151303,2014-09-02,,,What If? Serious Scientific Answers to Absurd Hypothetical Questions,What If?,1,https://www.goodreads.com/book/show/21413662
"Leviathan Falls (The Expanse, #9)",James S.A. Corey,9780356510392.0,0356510395,528,4.54,31066,2021-11-30,,,Leviathan Falls,The Expanse,9,https://www.goodreads.com/book/show/58783427
"Tiamat's Wrath (The Expanse, #8)",James S.A. Corey,9780316332873.0,0316332879,534,4.57,47842,2019-03-26,,,Tiamat's Wrath,The Expanse,8,https://www.goodreads.com/book/show/28335698
"Persepolis Rising (The Expanse, #7)",James S.A. Corey,9780316332828.0,0316332828,608,4.37,53386,2017-12-05,2022-06-02,,Persepolis Rising,The Expanse,7,https://www.goodreads.com/book/show/28335696
"Babylon's Ashes (The Expanse, #6)",James S.A. Corey,9780356504261.0,0356504263,538,4.24,63581,2016-12-06,2022-05-08,2022-05-30,Babylon's Ashes,The Expanse,6,https://www.goodreads.com/book/show/25877663
"Cibola Burn (The Expanse, #4)",James S.A. Corey,,,581,4.2,85997,2014-06-17,2022-02-24,2022-04-17,Cibola Burn,The Expanse,4,https://www.goodreads.com/book/show/18656030
"Nemesis Games (The Expanse, #5)",James S.A. Corey,,,536,4.42,77072,2015-06-02,2022-04-18,2022-05-08,Nemesis Games,The Expanse,5,https://www.goodreads.com/book/show/22886612
"Abaddon's Gate (The Expanse, #3)",James S.A. Corey,,,539,4.26,106125,2013-06-04,2022-01-28,2022-02-24,Abaddon's Gate,The Expanse,3,https://www.goodreads.com/book/show/16131032
"Drive (The Expanse, #2.6)",James S.A. Corey,,,30,4.02,8764,2012-11-27,,,Drive,The Expanse,2,https://www.goodreads.com/book/show/25899877
"Caliban's War (The Expanse, #2)",James S.A. Corey,9781841499901.0,1841499900,624,4.36,125866,2012-06-07,2022-01-23,2022-01-28,Caliban's War,The Expanse,2,https://www.goodreads.com/book/show/12591698
"Gods of Risk (The Expanse, #2.5)",James S.A. Corey,,,68,3.72,18037,2012-01-01,,,Gods of Risk,The Expanse,2,https://www.goodreads.com/book/show/15837317
"Book of Night (Book of Night, #1)",Holly Black,9781250812193.0,1250812194,320,3.58,14603,2022-05-03,,,Book of Night,Book of Night,1,https://www.goodreads.com/book/show/58293924
Deep Learning with Python,Francois Chollet,9781617294433.0,1617294438,350,4.6,1004,2017-11-30,2021-12-17,,Deep Learning with Python,Standalone,1,https://www.goodreads.com/book/show/33986067
Python 3 Object-oriented Programming: Building robust and maintainable software with object oriented design patterns in Python,Dusty Phillips,,,462,4.02,216,2010-07-26,2021-11-29,,Python 3 Object-oriented Programming: Building robust and maintainable software with object oriented design patterns in Python,Standalone,1,https://www.goodreads.com/book/show/26241635
"Hands-On Machine Learning with Scikit-Learn and TensorFlow: Concepts, Tools, and Techniques to Build Intelligent Systems",Aurélien Géron,,,566,4.57,2007,2017-04-09,2021-11-27,2021-12-17,"Hands-On Machine Learning with Scikit-Learn and TensorFlow: Concepts, Tools, and Techniques to Build Intelligent Systems",Standalone,1,https://www.goodreads.com/book/show/32899495
"Evershore (Skyward, #3.1)",Brandon Sanderson,9780593566633.0,,234,4.45,7196,2021-12-28,2021-12-30,2022-01-06,Evershore,Skyward,3,https://www.goodreads.com/book/show/58465495
An Introduction to Statistical Learning: With Applications in R,Gareth James,9781461471370.0,1461471370,426,4.6,1909,2013-06-24,2021-11-21,2022-06-08,An Introduction to Statistical Learning: With Applications in R,Standalone,1,https://www.goodreads.com/book/show/17397466
Automate the Boring Stuff with Python: Practical Programming for Total Beginners,Al Sweigart,9781593275990.0,1593275994,479,4.3,2366,2014-11-25,2021-11-21,2021-11-29,Automate the Boring Stuff with Python: Practical Programming for Total Beginners,Standalone,1,https://www.goodreads.com/book/show/22514127
Ready Player One,Ernest Cline,9780307887436.0,030788743X,374,4.24,1024174,2011-08-16,,,Ready Player One,Standalone,1,https://www.goodreads.com/book/show/9969571
"Leviathan Wakes (The Expanse, #1)",James S.A. Corey,9781841499888.0,1841499889,561,4.28,219727,2011-06-02,2022-01-07,2022-01-23,Leviathan Wakes,The Expanse,1,https://www.goodreads.com/book/show/8855321
Daughter of the Deep,Rick Riordan,9781368077927.0,1368077927,352,4.26,12254,2021-10-26,2021-12-16,2021-12-22,Daughter of the Deep,Standalone,1,https://www.goodreads.com/book/show/57094644
"Children of Dune (Dune, #3)",Frank Herbert,9780593098240.0,0593098242,609,3.95,142548,1976-04-21,,,Children of Dune,Dune,3,https://www.goodreads.com/book/show/44492286
"Dune Messiah (Dune, #2)",Frank Herbert,9780593098233.0,0593098234,337,3.89,203292,1969-07-01,2021-11-09,2021-12-16,Dune Messiah,Dune,2,https://www.goodreads.com/book/show/44492285
"""What Do You Care What Other People Think?"": Further Adventures of a Curious Character",Richard Feynman,9780393355642.0,0393355640,288,4.17,27544,1988-01-01,2021-08-16,2021-09-09,"""What Do You Care What Other People Think?"": Further Adventures of a Curious Character",Standalone,1,https://www.goodreads.com/book/show/35167718
Wuthering Heights,Emily Brontë,,,464,3.88,1571351,1847-12-01,,,Wuthering Heights,Standalone,1,https://www.goodreads.com/book/show/6185
The Song of Achilles,Madeline Miller,,,378,4.4,836628,2011-09-20,,,The Song of Achilles,Standalone,1,https://www.goodreads.com/book/show/13623848
कायाकल्प,Munshi Premchand,,,,3.93,137,2007-01-01,,,कायाकल्प,Standalone,1,https://www.goodreads.com/book/show/35835174
The Book Thief,Markus Zusak,,,552,4.38,2193345,2007-09-01,2021-07-30,2021-08-13,The Book Thief,Standalone,1,https://www.goodreads.com/book/show/19063
"Finale (Caraval, #3)",Stephanie Garber,9781250157669.0,1250157668,478,4.2,86874,2019-05-07,,,Finale,Caraval,3,https://www.goodreads.com/book/show/40381392
"Legendary (Caraval, #2)",Stephanie Garber,9781250095312.0,125009531X,451,4.23,113143,2018-05-29,,,Legendary,Caraval,2,https://www.goodreads.com/book/show/36329818
"Caraval (Caraval, #1)",Stephanie Garber,9781250095251.0,1250095255,407,4.0,271351,2016-09-29,,,Caraval,Caraval,1,https://www.goodreads.com/book/show/27883214
Learn to Earn: A Beginner's Guide to the Basics of Investing and Business,Peter Lynch,9780684811635.0,0684811634,272,4.04,3948,1995-01-01,2021-07-06,2021-07-11,Learn to Earn: A Beginner's Guide to the Basics of Investing and Business,Standalone,1,https://www.goodreads.com/book/show/817589
"Rich Dad, Poor Dad",Robert T. Kiyosaki,9780751532715.0,0751532711,195,4.11,498994,1997-01-01,2021-07-06,2021-08-19,"Rich Dad, Poor Dad",Standalone,1,https://www.goodreads.com/book/show/29502358
"Darkdawn (The Nevernight Chronicle, #3)",Jay Kristoff,,,491,4.31,32596,2019-09-03,,,Darkdawn,The Nevernight Chronicle,3,https://www.goodreads.com/book/show/23264672
"Nevernight (The Nevernight Chronicle, #1)",Jay Kristoff,9781250073020.0,1250073022,429,4.22,76193,2016-08-09,,,Nevernight,The Nevernight Chronicle,1,https://www.goodreads.com/book/show/26114463
"Godsgrave (The Nevernight Chronicle, #2)",Jay Kristoff,9781250073037.0,1250073030,419,4.48,45473,2017-09-05,,,Godsgrave,The Nevernight Chronicle,2,https://www.goodreads.com/book/show/26114463
Pebble in the Sky (Galactic Empire #3),Isaac Asimov,9780553293425.0,0553293427,308,3.89,22075,1950-01-01,,,Pebble in the Sky,Standalone,3,https://www.goodreads.com/book/show/41820
The End of Eternity,Isaac Asimov,9780449016190.0,0449016196,192,4.24,50599,1955-01-01,,,The End of Eternity,Standalone,1,https://www.goodreads.com/book/show/509784
The Gods Themselves,Isaac Asimov,9781857989342.0,1857989341,288,4.09,58084,1972-01-01,,,The Gods Themselves,Standalone,1,https://www.goodreads.com/book/show/41821
प्रतिज्ञा : Pledge,Munshi Premchand,,,97,4.03,362,1927-01-01,,,प्रतिज्ञा : Pledge,Standalone,1,https://www.goodreads.com/book/show/15772409
रंगभूमि,Munshi Premchand,,,,4.26,410,1925-01-01,,,रंगभूमि,Standalone,1,https://www.goodreads.com/book/show/28453443
वरदान,Munshi Premchand,9788181332998.0,8181332997,128,3.77,345,1899-12-31,,,वरदान,Standalone,1,https://www.goodreads.com/book/show/17415301
Gaban,Munshi Premchand,9788122311969.0,8122311962,272,4.31,4315,1931-01-01,,,Gaban,Standalone,1,https://www.goodreads.com/book/show/11692391
Nirmala,Munshi Premchand,9780195658262.0,0195658264,218,4.14,3633,1899-12-31,,,Nirmala,Standalone,1,https://www.goodreads.com/book/show/694207
गोदान [Godaan],Munshi Premchand,9788172242190.0,8172242190,352,4.38,7627,1936-01-01,,,गोदान [Godaan],Standalone,1,https://www.goodreads.com/book/show/680549
इंद्रजाल,जयशंकर प्रसाद,,,155,3.97,149,,,,इंद्रजाल,Standalone,1,https://www.goodreads.com/book/show/33220017
अजातशत्रु,जयशंकर प्रसाद,,8171831044,,3.73,55,2011-01-01,,,अजातशत्रु,Standalone,1,https://www.goodreads.com/book/show/16028766
स्कंदगुप्त,जयशंकर प्रसाद,9788179873533.0,,120,4.14,42,1964-01-01,,,स्कंदगुप्त,Standalone,1,https://www.goodreads.com/book/show/25205270
ध्रुवस्वामिनी,जयशंकर प्रसाद,,,81,4.02,140,,,,ध्रुवस्वामिनी,Standalone,1,https://www.goodreads.com/book/show/38893804
कामायनी,जयशंकर प्रसाद,9788171783212.0,8126700386,159,4.26,555,1936-01-01,,,कामायनी,Standalone,1,https://www.goodreads.com/book/show/31193920
चन्द्रगुप्त,जयशंकर प्रसाद,,,226,4.08,571,1994-01-01,,,चन्द्रगुप्त,Standalone,1,https://www.goodreads.com/book/show/33208623
"Realm Breaker (Realm Breaker, #1)",Victoria Aveyard,,,576,3.67,18431,2021-05-04,2021-06-10,2021-06-15,Realm Breaker,Realm Breaker,1,https://www.goodreads.com/book/show/54513688
"The Fifth Season (The Broken Earth, #1)",N.K. Jemisin,,,468,4.32,205753,2015-08-04,2021-06-19,2021-06-26,The Fifth Season,The Broken Earth,1,https://www.goodreads.com/book/show/19161852
"The Obelisk Gate (The Broken Earth, #2)",N.K. Jemisin,,,410,4.31,124479,2016-08-16,2021-06-26,2021-07-12,The Obelisk Gate,The Broken Earth,2,https://www.goodreads.com/book/show/26228034
"The Stone Sky (The Broken Earth, #3)",N.K. Jemisin,,,416,4.36,104412,2017-08-15,2021-07-12,2021-07-29,The Stone Sky,The Broken Earth,3,https://www.goodreads.com/book/show/31817749
"Mostly Harmless (Hitchhiker's Guide to the Galaxy, #5)",Douglas Adams,9780345379337.0,0345379330,288,3.96,121059,1992-10-12,,,Mostly Harmless,Hitchhiker's Guide to the Galaxy,5,https://www.goodreads.com/book/show/569429
"So Long, and Thanks for All the Fish (The Hitchhiker's Guide to the Galaxy, #4)",Douglas Adams,,,225,4.09,158716,1984-10-12,,,"So Long, and Thanks for All the Fish",The Hitchhiker's Guide to the Galaxy,4,https://www.goodreads.com/book/show/6091075
"Life, the Universe and Everything (Hitchhiker's Guide to the Galaxy, #3)",Douglas Adams,9780345418906.0,0345418905,224,4.18,215086,1982-12-29,,,"Life, the Universe and Everything",Hitchhiker's Guide to the Galaxy,3,https://www.goodreads.com/book/show/8694
"The Restaurant at the End of the Universe (Hitchhiker's Guide to the Galaxy, #2)",Douglas Adams,,,250,4.21,259301,1980-10-12,2021-06-08,2021-06-21,The Restaurant at the End of the Universe,Hitchhiker's Guide to the Galaxy,2,https://www.goodreads.com/book/show/8695
"The Hitchhiker's Guide to the Galaxy (Hitchhiker's Guide to the Galaxy, #1)",Douglas Adams,,,193,4.22,1647794,1979-10-12,2021-05-29,2021-06-08,The Hitchhiker's Guide to the Galaxy,Hitchhiker's Guide to the Galaxy,1,https://www.goodreads.com/book/show/386162
"A ​Sky Beyond the Storm (An Ember in the Ashes, #4)",Sabaa Tahir,9780008288815.0,000828881X,516,4.35,39587,2020-12-01,2021-05-28,2021-06-04,A ​Sky Beyond the Storm,An Ember in the Ashes,4,https://www.goodreads.com/book/show/31520883
"Cytonic (Skyward, #3)",Brandon Sanderson,9781473217935.0,1473217938,432,4.12,23957,2021-11-23,2021-11-22,2021-12-02,Cytonic,Skyward,3,https://www.goodreads.com/book/show/57571215
"ReDawn (Skyward, #2.2)",Brandon Sanderson,9780593566626.0,,229,4.24,9565,2021-10-26,2021-10-29,2021-11-05,ReDawn,Skyward,2,https://www.goodreads.com/book/show/57903879
"Sunreach (Skyward, #2.1)",Brandon Sanderson,9780593566619.0,,208,4.19,11925,2021-09-28,2021-09-28,2021-09-29,Sunreach,Skyward,2,https://www.goodreads.com/book/show/57903876
"Gardens of the Moon (The Malazan Book of the Fallen, #1)",Steven Erikson,,,772,3.9,103951,1999-04-01,,,Gardens of the Moon,The Malazan Book of the Fallen,1,https://www.goodreads.com/book/show/55399
"A Reaper at the Gates (An Ember in the Ashes, #3)",Sabaa Tahir,9780448494500.0,0448494507,458,4.2,71087,2018-06-12,2021-05-20,2021-05-28,A Reaper at the Gates,An Ember in the Ashes,3,https://www.goodreads.com/book/show/30809786
"An Ember in the Ashes (An Ember in the Ashes, #1)",Sabaa Tahir,,,446,4.26,249239,2015-04-28,2021-05-14,2021-05-17,An Ember in the Ashes,An Ember in the Ashes,1,https://www.goodreads.com/book/show/27774758
"A Torch Against the Night (An Ember in the Ashes, #2)",Sabaa Tahir,,,467,4.25,133941,2016-08-30,2021-05-17,2021-05-20,A Torch Against the Night,An Ember in the Ashes,2,https://www.goodreads.com/book/show/25558608
"Harry Potter and the Philosopher's Stone (Harry Potter, #1)",J.K. Rowling,9781408855652.0,1408855658,332,4.48,8581826,1997-06-26,,,Harry Potter and the Philosopher's Stone,Harry Potter,1,https://www.goodreads.com/book/show/3
"In Search of the Edge of Time: Black Holes, White Holes, Wormholes",John Gribbin,9780140248142.0,0140248145,288,3.92,141,1992-01-01,,,"In Search of the Edge of Time: Black Holes, White Holes, Wormholes",Standalone,1,https://www.goodreads.com/book/show/755125
The Birth of Time: How Astronomers Measure the Age of the Universe,John Gribbin,9780300083460.0,0300083467,237,3.88,165,1999-03-11,,,The Birth of Time: How Astronomers Measure the Age of the Universe,Standalone,1,https://www.goodreads.com/book/show/1920128
Einstein's Masterwork: 1915 and the General Theory of Relativity,John Gribbin,9781681772127.0,1681772124,240,4.03,219,2015-05-07,,,Einstein's Masterwork: 1915 and the General Theory of Relativity,Standalone,1,https://www.goodreads.com/book/show/28943755
In Search of the Big Bang,John Gribbin,9780552131469.0,0552131466,432,3.97,256,1986-01-01,,,In Search of the Big Bang,Standalone,1,https://www.goodreads.com/book/show/479476
13.8: The Quest to Find the True Age of the Universe and the Theory of Everything,John Gribbin,9780300218275.0,0300218273,256,4.08,336,2015-10-01,,,13.8: The Quest to Find the True Age of the Universe and the Theory of Everything,Standalone,1,https://www.goodreads.com/book/show/26196560
Computing with Quantum Cats: From Colossus to Qubits,John Gribbin,9780593071151.0,0593071158,304,3.75,483,2013-06-20,2021-05-14,2021-07-03,Computing with Quantum Cats: From Colossus to Qubits,Standalone,1,https://www.goodreads.com/book/show/17999205
The Time Illusion (Kindle Single),John Gribbin,,,35,4.08,540,,,,The Time Illusion,Standalone,1,https://www.goodreads.com/book/show/31311948
Deep Simplicity: Bringing Order to Chaos and Complexity,John Gribbin,9781400062560.0,140006256X,279,3.95,1198,2004-01-01,,,Deep Simplicity: Bringing Order to Chaos and Complexity,Standalone,1,https://www.goodreads.com/book/show/587906
The Scientists: A History of Science Told Through the Lives of Its Greatest Inventors,John Gribbin,9780812967883.0,0812967887,672,4.1,1556,2002-01-01,,,The Scientists: A History of Science Told Through the Lives of Its Greatest Inventors,Standalone,1,https://www.goodreads.com/book/show/40941
In Search of the Multiverse,John Gribbin,9781846141133.0,1846141133,250,4.09,1187,2009-08-27,,,In Search of the Multiverse,Standalone,1,https://www.goodreads.com/book/show/6881432
Uncle Tom's Cabin,Harriet Beecher Stowe,,,438,3.89,213551,1852-01-01,,,Uncle Tom's Cabin,Standalone,1,https://www.goodreads.com/book/show/46787
Hard Times,Charles Dickens,9780321107213.0,0321107217,353,3.53,62668,1854-01-01,,,Hard Times,Standalone,1,https://www.goodreads.com/book/show/5344
Oliver Twist,Charles Dickens,,,608,3.87,355501,1838-01-01,,,Oliver Twist,Standalone,1,https://www.goodreads.com/book/show/18254
A Tale of Two Cities,Charles Dickens,9780141439600.0,0141439602,489,3.86,881043,1859-11-26,,,A Tale of Two Cities,Standalone,1,https://www.goodreads.com/book/show/1953
"Beyond the Shadows (Night Angel, #3)",Brent Weeks,9780316033664.0,0316033669,689,4.26,93462,2008-12-01,,,Beyond the Shadows,Night Angel,3,https://www.goodreads.com/book/show/3754026
"Shadow's Edge (Night Angel, #2)",Brent Weeks,9780316033657.0,0316033650,636,4.25,97724,2008-11-01,,,Shadow's Edge,Night Angel,2,https://www.goodreads.com/book/show/3754016
"The Way of Shadows (Night Angel, #1)",Brent Weeks,9780316033671.0,0316033677,645,4.14,158507,2008-10-01,,,The Way of Shadows,Night Angel,1,https://www.goodreads.com/book/show/3227063
"The Horse and His Boy (Chronicles of Narnia, #5)",C.S. Lewis,9780439861366.0,0439861365,224,3.91,314056,1954-09-06,,,The Horse and His Boy,Chronicles of Narnia,5,https://www.goodreads.com/book/show/84119
"The Lion, the Witch and the Wardrobe (Chronicles of Narnia, #1)",C.S. Lewis,,,206,4.23,2466519,1950-10-16,,,"The Lion, the Witch and the Wardrobe",Chronicles of Narnia,1,https://www.goodreads.com/book/show/100915
"War Storm (Red Queen, #4)",Victoria Aveyard,9780062422996.0,0062422995,662,3.86,122069,2018-05-15,,,War Storm,Red Queen,4,https://www.goodreads.com/book/show/27188596
"King's Cage (Red Queen, #3)",Victoria Aveyard,9780062310712.0,0062310712,528,3.95,192245,2017-02-07,,,King's Cage,Red Queen,3,https://www.goodreads.com/book/show/30226723
"The Blood Mirror (Lightbringer, #4)",Brent Weeks,9780316251334.0,031625133X,704,4.34,41399,2015-11-16,2021-05-07,2021-05-09,The Blood Mirror,Lightbringer,4,https://www.goodreads.com/book/show/29467232
"The Burning White (Lightbringer, #5)",Brent Weeks,9780316251303.0,0316251305,992,4.28,26499,2019-10-22,2021-05-09,2021-05-13,The Burning White,Lightbringer,5,https://www.goodreads.com/book/show/30169100
"The Broken Eye (Lightbringer, #3)",Brent Weeks,,,846,4.46,57272,2014-08-26,2021-05-04,2021-05-07,The Broken Eye,Lightbringer,3,https://www.goodreads.com/book/show/12652457
"The Black Prism (Lightbringer, #1)",Brent Weeks,9780316075558.0,0316075558,629,4.22,112953,2010-08-25,2021-05-01,2021-05-02,The Black Prism,Lightbringer,1,https://www.goodreads.com/book/show/7165300
"The Blinding Knife (Lightbringer, #2)",Brent Weeks,9780316079914.0,031607991X,671,4.41,81464,2012-09-01,2021-05-02,2021-05-04,The Blinding Knife,Lightbringer,2,https://www.goodreads.com/book/show/12499290
"The Providence of Fire (Chronicle of the Unhewn Throne, #2)",Brian Staveley,9780765336415.0,0765336413,608,4.12,22065,2015-01-13,,,The Providence of Fire,Chronicle of the Unhewn Throne,2,https://www.goodreads.com/book/show/33286244
"The Last Mortal Bond (Chronicle of the Unhewn Throne, #3)",Brian Staveley,,,897,4.06,15800,2016-03-15,,,The Last Mortal Bond,Chronicle of the Unhewn Throne,3,https://www.goodreads.com/book/show/20753341
"The Emperor's Blades (Chronicle of the Unhewn Throne, #1)",Brian Staveley,9780765336408.0,0765336405,480,4.08,38432,2014-01-14,,,The Emperor's Blades,Chronicle of the Unhewn Throne,1,https://www.goodreads.com/book/show/33286244
"Aurora's End (The Aurora Cycle, #3)",Amie Kaufman,9781524720889.0,1524720887,512,4.25,11865,2021-11-02,,,Aurora's End,The Aurora Cycle,3,https://www.goodreads.com/book/show/40516976
"Aurora Burning (The Aurora Cycle, #2)",Amie Kaufman,9781524720926.0,1524720925,495,4.3,27008,2020-05-05,,,Aurora Burning,The Aurora Cycle,2,https://www.goodreads.com/book/show/40516960
"Earth's End (Air Awakens, #3)",Elise Kova,9781619844223.0,1619844222,350,4.15,20993,2016-02-11,,,Earth's End,Air Awakens,3,https://www.goodreads.com/book/show/26760091
"Aurora Rising (The Aurora Cycle, #1)",Amie Kaufman,9781524720964.0,1524720968,473,4.13,54485,2019-05-06,2021-04-29,2021-04-30,Aurora Rising,The Aurora Cycle,1,https://www.goodreads.com/book/show/30075662
Pride and Prejudice,Jane Austen,,,333,4.28,3634644,1813-01-28,,,Pride and Prejudice,Standalone,1,https://www.goodreads.com/book/show/1885
"Peace Talks (The Dresden Files, #16)",Jim Butcher,9780451464415.0,0451464419,340,4.21,38566,2020-07-14,,,Peace Talks,The Dresden Files,1,https://www.goodreads.com/book/show/49381341
"Skin Game (The Dresden Files, #15)",Jim Butcher,9780451464392.0,0451464397,454,4.56,78231,2014-05-27,,,Skin Game,The Dresden Files,1,https://www.goodreads.com/book/show/19486421
"Cold Days (The Dresden Files, #14)",Jim Butcher,9780451464408.0,0451464400,515,4.47,93752,2012-11-27,,,Cold Days,The Dresden Files,1,https://www.goodreads.com/book/show/12216302
"Changes (The Dresden Files, #12)",Jim Butcher,9780451463173.0,045146317X,438,4.5,107570,2010-04-06,,,Changes,The Dresden Files,1,https://www.goodreads.com/book/show/6585201
"Turn Coat (The Dresden Files, #11)",Jim Butcher,9780451462565.0,0451462564,418,4.43,97557,2009-04-07,2022-06-24,,Turn Coat,The Dresden Files,1,https://www.goodreads.com/book/show/3475161
"Small Favor (The Dresden Files, #10)",Jim Butcher,9780451461896.0,0451461894,545,4.44,101437,2008-04-01,2022-06-04,2022-06-21,Small Favor,The Dresden Files,1,https://www.goodreads.com/book/show/927979
"White Night (The Dresden Files, #9)",Jim Butcher,9780451461407.0,0451461401,407,4.38,111734,2007-04-03,2022-06-02,2022-06-04,White Night,The Dresden Files,9,https://www.goodreads.com/book/show/91475
"Proven Guilty (The Dresden Files, #8)",Jim Butcher,9780451461032.0,0451461037,547,4.39,113027,2006-02-01,2022-05-20,2022-06-03,Proven Guilty,The Dresden Files,8,https://www.goodreads.com/book/show/91474
"Dead Beat (The Dresden Files, #7)",Jim Butcher,9780451460912.0,045146091X,517,4.4,118109,2005-05-03,2022-05-08,2022-05-19,Dead Beat,The Dresden Files,7,https://www.goodreads.com/book/show/17683
"Blood Rites (The Dresden Files, #6)",Jim Butcher,9780451459879.0,0451459873,435,4.29,121731,2004-08-01,2022-04-22,2022-04-30,Blood Rites,The Dresden Files,6,https://www.goodreads.com/book/show/99383
"Death Masks (The Dresden Files, #5)",Jim Butcher,9780451459404.0,0451459407,432,4.29,128792,2003-08-01,2022-04-18,2022-04-21,Death Masks,The Dresden Files,5,https://www.goodreads.com/book/show/91479
"Grave Peril (The Dresden Files, #3)",Jim Butcher,9780451458445.0,0451458443,378,4.14,153377,2001-09-01,,,Grave Peril,The Dresden Files,3,https://www.goodreads.com/book/show/91476
"The Last Wish (The Witcher, #0.5)",Andrzej Sapkowski,,,359,4.13,279014,1993-01-31,,,The Last Wish,The Witcher,0,https://www.goodreads.com/book/show/40603587
"The Time of Contempt (The Witcher, #2)",Andrzej Sapkowski,9780316219136.0,0316219134,331,4.17,106947,1995-01-01,,,The Time of Contempt,The Witcher,2,https://www.goodreads.com/book/show/14781491
"Crystal Crowned (Air Awakens, #5)",Elise Kova,,,400,4.16,15798,2016-07-12,,,Crystal Crowned,Air Awakens,5,https://www.goodreads.com/book/show/29966062
"Water's Wrath (Air Awakens, #4)",Elise Kova,9781619844254.0,1619844257,378,4.12,18833,2016-04-26,,,Water's Wrath,Air Awakens,4,https://www.goodreads.com/book/show/29483403
"Fire Falling (Air Awakens, #2)",Elise Kova,9781619849525.0,1619849526,378,4.18,26357,2015-11-19,2021-04-23,2021-04-24,Fire Falling,Air Awakens,2,https://www.goodreads.com/book/show/26047438
"Air Awakens (Air Awakens, #1)",Elise Kova,9781932549935.0,1932549935,342,4.01,40404,2015-08-27,2021-04-21,2021-04-23,Air Awakens,Air Awakens,1,https://www.goodreads.com/book/show/23127048
"Imagine Me (Shatter Me, #6)",Tahereh Mafi,9780062676443.0,006267644X,480,3.92,57994,2020-04-02,,,Imagine Me,Shatter Me,6,https://www.goodreads.com/book/show/44054122
"Defy Me (Shatter Me, #5)",Tahereh Mafi,9780062676399.0,0062676393,357,4.23,74824,2019-04-02,,,Defy Me,Shatter Me,5,https://www.goodreads.com/book/show/34992959
"Restore Me (Shatter Me, #4)",Tahereh Mafi,9780062676368.0,0062676369,435,4.16,95269,2018-03-06,,,Restore Me,Shatter Me,4,https://www.goodreads.com/book/show/34992929
"Ignite Me (Shatter Me, #3)",Tahereh Mafi,,,421,4.43,232000,2014-02-04,,,Ignite Me,Shatter Me,3,https://www.goodreads.com/book/show/13188676
"Unravel Me (Shatter Me, #2)",Tahereh Mafi,9780062085535.0,0062085530,461,4.19,276033,2013-02-05,,,Unravel Me,Shatter Me,2,https://www.goodreads.com/book/show/13104080
"Destroy Me (Shatter Me, #1.5)",Tahereh Mafi,9780062208194.0,0062208195,111,4.14,119144,2012-10-02,,,Destroy Me,Shatter Me,1,https://www.goodreads.com/book/show/13623150
"Shatter Me (Shatter Me, #1)",Tahereh Mafi,,,357,3.91,463591,2011-11-15,,,Shatter Me,Shatter Me,1,https://www.goodreads.com/book/show/10429045
"Champion (Legend, #3)",Marie Lu,9780399256776.0,0399256776,369,4.33,196930,2013-11-05,2021-04-20,2021-04-21,Champion,Legend,3,https://www.goodreads.com/book/show/14290364
"Legend (Legend, #1)",Marie Lu,,,305,4.16,480555,2011-11-29,2021-04-18,2021-04-18,Legend,Legend,1,https://www.goodreads.com/book/show/9275658
"Prodigy (Legend, #2)",Marie Lu,9780399256769.0,0399256768,371,4.24,237661,2013-01-29,2021-04-18,2021-04-20,Prodigy,Legend,2,https://www.goodreads.com/book/show/13414446
"The Midnight Star (The Young Elites, #3)",Marie Lu,9780399167850.0,0399167854,316,4.12,39216,2016-10-11,,,The Midnight Star,The Young Elites,3,https://www.goodreads.com/book/show/28588345
"The Young Elites (The Young Elites, #1)",Marie Lu,9780399167836.0,0399167838,355,3.88,126977,2014-10-07,,,The Young Elites,The Young Elites,1,https://www.goodreads.com/book/show/20821111
"The Rose Society (The Young Elites, #2)",Marie Lu,9780399167843.0,0399167846,398,4.04,58412,2015-10-13,,,The Rose Society,The Young Elites,2,https://www.goodreads.com/book/show/23846013
The Night Circus,Erin Morgenstern,9780385534635.0,0385534635,387,4.03,829954,2011-09-13,2021-04-13,2021-04-13,The Night Circus,Standalone,1,https://www.goodreads.com/book/show/9361589
To Sleep in a Sea of Stars,Christopher Paolini,9781250762849.0,1250762847,878,3.77,39364,2020-09-15,,,To Sleep in a Sea of Stars,Standalone,1,https://www.goodreads.com/book/show/48829708
"From Blood and Ash (Blood and Ash, #1)",Jennifer L. Armentrout,9781952457005.0,1952457009,613,4.3,289942,2020-03-29,,,From Blood and Ash,Blood and Ash,1,https://www.goodreads.com/book/show/52831200
"Supernova (Renegades, #3)",Marissa Meyer,9781250078384.0,1250078385,549,4.42,50417,2019-11-05,2021-04-16,2021-04-17,Supernova,Renegades,3,https://www.goodreads.com/book/show/42771754
"Renegades (Renegades, #1)",Marissa Meyer,9781250044662.0,1250044669,552,4.15,108595,2017-11-07,2021-04-15,2021-04-16,Renegades,Renegades,1,https://www.goodreads.com/book/show/28421168
"Archenemies (Renegades, #2)",Marissa Meyer,9781250311443.0,1250311446,560,4.29,61895,2018-11-06,2021-04-16,2021-04-16,Archenemies,Renegades,2,https://www.goodreads.com/book/show/35425827
"Winter (The Lunar Chronicles, #4)",Marissa Meyer,9780312642983.0,0312642989,827,4.43,240977,2015-11-10,2021-04-10,2021-04-11,Winter,The Lunar Chronicles,4,https://www.goodreads.com/book/show/13206900
"Scarlet (The Lunar Chronicles, #2)",Marissa Meyer,9780312642969.0,0312642962,454,4.26,370785,2013-02-05,2021-04-08,2021-04-09,Scarlet,The Lunar Chronicles,2,https://www.goodreads.com/book/show/13206760
"Cress (The Lunar Chronicles, #3)",Marissa Meyer,9780312642976.0,0312642970,552,4.42,326559,2014-02-04,2021-04-10,2021-04-10,Cress,The Lunar Chronicles,3,https://www.goodreads.com/book/show/13206828
"Cinder (The Lunar Chronicles, #1)",Marissa Meyer,,,400,4.13,816474,2012-01-03,2021-04-07,2021-04-08,Cinder,The Lunar Chronicles,1,https://www.goodreads.com/book/show/36381037
"The Crippled God (Malazan Book of the Fallen, #10)",Steven Erikson,9780593046357.0,0593046358,921,4.49,26001,2011-02-15,,,The Crippled God,Malazan Book of the Fallen,1,https://www.goodreads.com/book/show/8447255
"Dust of Dreams (Malazan Book of the Fallen, #9)",Steven Erikson,9780765316554.0,0765316552,"1,280",4.31,26024,2009-08-18,,,Dust of Dreams,Malazan Book of the Fallen,9,https://www.goodreads.com/book/show/4703427
"Reaper's Gale (Malazan Book of the Fallen, #7)",Steven Erikson,9780593046319.0,0593046315,928,4.38,30191,2007-05-07,,,Reaper's Gale,Malazan Book of the Fallen,7,https://www.goodreads.com/book/show/459064
"Toll the Hounds (Malazan Book of the Fallen, #8)",Steven Erikson,9780765310088.0,0765310082,"1,008",4.36,29185,2008-06-30,,,Toll the Hounds,Malazan Book of the Fallen,8,https://www.goodreads.com/book/show/938544
"Midnight Tides (Malazan Book of the Fallen, #5)",Steven Erikson,9780553813142.0,0553813145,960,4.4,36290,2004-03-01,,,Midnight Tides,Malazan Book of the Fallen,5,https://www.goodreads.com/book/show/345299
"The Bonehunters (Malazan Book of the Fallen, #6)",Steven Erikson,9780553813159.0,0553813153,"1,203",4.47,35065,2006-04-04,,,The Bonehunters,Malazan Book of the Fallen,6,https://www.goodreads.com/book/show/478951
"House of Chains (Malazan Book of the Fallen, #4)",Steven Erikson,9780765348814.0,0765348810,"1,015",4.34,42375,2002-12-01,,,House of Chains,Malazan Book of the Fallen,4,https://www.goodreads.com/book/show/55398
"Memories of Ice (Malazan Book of the Fallen, #3)",Steven Erikson,9780765348807.0,0765348802,925,4.44,50864,2001-12-06,,,Memories of Ice,Malazan Book of the Fallen,3,https://www.goodreads.com/book/show/175983
"Deadhouse Gates (Malazan Book of the Fallen, #2)",Steven Erikson,9780765310026.0,0765310023,604,4.24,65045,2000-09-01,,,Deadhouse Gates,Malazan Book of the Fallen,2,https://www.goodreads.com/book/show/55401
"Breach of Peace (Lawful Times, #1)",Daniel B. Greene,9780578840789.0,,98,3.59,7100,2021-03-18,,,Breach of Peace,Lawful Times,1,https://www.goodreads.com/book/show/56663640
"Fire & Blood (A Targaryen History, #1)",George R.R. Martin,9781524796280.0,152479628X,719,3.92,47889,2018-11-20,,,Fire & Blood,A Targaryen History,1,
Storm in a Teacup: The Physics of Everyday Life,Helen Czerski,,,282,4.03,3665,2017-01-10,2021-03-20,2021-04-29,Storm in a Teacup: The Physics of Everyday Life,Standalone,1,https://www.goodreads.com/book/show/35187175
"The Hope of Elantris (Elantris, #1.5)",Brandon Sanderson,,,25,3.69,13202,2006-01-01,,,The Hope of Elantris,Elantris,1,https://www.goodreads.com/book/show/10852065
"Last Argument of Kings (The First Law, #3)",Joe Abercrombie,9780575077904.0,0575077905,536,4.31,129857,2008-03-20,,,Last Argument of Kings,The First Law,3,https://www.goodreads.com/book/show/944076
"Before They Are Hanged (The First Law, #2)",Joe Abercrombie,9780575077881.0,0575077883,441,4.32,139121,2007-03-15,,,Before They Are Hanged,The First Law,2,https://www.goodreads.com/book/show/902715
"The Blade Itself (The First Law, #1)",Joe Abercrombie,9780575079793.0,0575079797,515,4.19,199872,2006-05-04,,,The Blade Itself,The First Law,1,https://www.goodreads.com/book/show/944073
"Ninth House (Alex Stern, #1)",Leigh Bardugo,9781250313072.0,1250313074,459,4.04,174530,2019-10-08,,,Ninth House,Alex Stern,1,https://www.goodreads.com/book/show/43263680
"Rule of Wolves (King of Scars, #2)",Leigh Bardugo,9781510109186.0,1510109188,592,4.4,91990,2021-03-30,2021-03-29,2021-03-31,Rule of Wolves,King of Scars,2,https://www.goodreads.com/book/show/36307674
"House of Earth and Blood (Crescent City, #1)",Sarah J. Maas,9781635574043.0,1635574048,803,4.48,277347,2020-03-03,,,House of Earth and Blood,Crescent City,1,https://www.goodreads.com/book/show/44778083
"Crooked Kingdom (Six of Crows, #2)",Leigh Bardugo,,,561,4.61,449935,2016-09-27,2021-03-12,2021-03-13,Crooked Kingdom,Six of Crows,2,https://www.goodreads.com/book/show/23437156
"Six of Crows (Six of Crows, #1)",Leigh Bardugo,,,465,4.49,669958,2015-09-29,2021-03-11,2021-03-12,Six of Crows,Six of Crows,1,https://www.goodreads.com/book/show/23437156
"King of Scars (King of Scars, #1)",Leigh Bardugo,,,527,4.18,137868,2019-01-29,2021-03-11,2021-03-15,King of Scars,King of Scars,1,https://www.goodreads.com/book/show/36307634
"Summer Knight (The Dresden Files, #4)",Jim Butcher,9780451458926.0,0451458923,446,4.26,140175,2002-09-03,2021-03-10,2021-03-20,Summer Knight,The Dresden Files,4,https://www.goodreads.com/book/show/91478
"Ruin and Rising (The Shadow and Bone Trilogy, #3)",Leigh Bardugo,,,422,4.03,394185,2014-06-17,2021-03-10,2021-03-10,Ruin and Rising,The Shadow and Bone Trilogy,3,https://www.goodreads.com/book/show/14061957
"Siege and Storm (The Shadow and Bone Trilogy, #2)",Leigh Bardugo,,,435,3.86,464368,2013-06-04,2021-03-09,2021-03-10,Siege and Storm,The Shadow and Bone Trilogy,2,https://www.goodreads.com/book/show/14061955
Percy Jackson and the Singer of Apollo,Rick Riordan,,,32,4.06,6952,2013-09-17,,,Percy Jackson and the Singer of Apollo,Standalone,1,https://www.goodreads.com/book/show/36013042
Demigods & Magicians: Percy and Annabeth Meet the Kanes,Rick Riordan,9781484732786.0,1484732782,224,4.32,14639,2016-04-05,,,Demigods & Magicians: Percy and Annabeth Meet the Kanes,Standalone,1,
The Crown of Ptolemy (Percy Jackson & Kane Chronicles Crossover #3),Rick Riordan,9781484709870.0,148470987X,63,4.37,20880,2015-03-01,,,The Crown of Ptolemy,Standalone,3,https://www.goodreads.com/book/show/18752963
The Staff of Serapis (Percy Jackson & Kane Chronicles Crossover #2),Rick Riordan,9781484721346.0,1484721349,60,4.3,28052,2014-04-08,,,The Staff of Serapis,Standalone,2,https://www.goodreads.com/book/show/18752959
"The Son of Sobek (Percy Jackson & Kane Chronicles Crossover, #1)",Rick Riordan,,,40,4.26,42702,2012-01-01,,,The Son of Sobek,Percy Jackson & Kane Chronicles Crossover,1,
"The Serpent's Shadow (The Kane Chronicles, #3)",Rick Riordan,9781423140573.0,1423140575,406,4.28,143484,2012-05-01,,,The Serpent's Shadow,The Kane Chronicles,3,https://www.goodreads.com/book/show/12893742
"The Blood of Olympus (The Heroes of Olympus, #5)",Rick Riordan,9781423146735.0,1484724917,516,4.42,262405,2014-10-07,,,The Blood of Olympus,The Heroes of Olympus,5,https://www.goodreads.com/book/show/18705209
"The House of Hades (The Heroes of Olympus, #4)",Rick Riordan,9781423146728.0,1423146727,597,4.54,336976,2013-10-08,,,The House of Hades,The Heroes of Olympus,4,https://www.goodreads.com/book/show/12127810
"The Red Pyramid (The Kane Chronicles, #1)",Rick Riordan,9781423113386.0,1423113381,528,4.09,363521,2010-05-04,,,The Red Pyramid,The Kane Chronicles,1,https://www.goodreads.com/book/show/7090447
"The Son of Neptune (The Heroes of Olympus, #2)",Rick Riordan,9781423140597.0,1423140591,521,4.42,498741,2011-10-04,,,The Son of Neptune,The Heroes of Olympus,2,https://www.goodreads.com/book/show/9520360
"Shadow and Bone (The Shadow and Bone Trilogy, #1)",Leigh Bardugo,,,358,3.96,740096,2012-06-05,2021-03-08,2021-03-09,Shadow and Bone,The Shadow and Bone Trilogy,1,https://www.goodreads.com/book/show/10194157
Reaper Man (Discworld #11),Terry Pratchett,9780552134644.0,0552134643,287,4.27,92648,1991-05-01,2021-02-27,2021-03-08,Reaper Man,Standalone,1,https://www.goodreads.com/book/show/34517
Astrophysics for People in a Hurry,Neil deGrasse  Tyson,9780393609394.0,0393609391,223,4.08,147294,2017-05-02,2021-02-19,2021-03-09,Astrophysics for People in a Hurry,Standalone,1,https://www.goodreads.com/book/show/32191710
"The Burning God (The Poppy War, #3)",R.F. Kuang,9780008339142.0,0008339147,622,4.33,33369,2020-11-17,,,The Burning God,The Poppy War,3,https://www.goodreads.com/book/show/45857086
"The Drowning Faith (The Poppy War, #2.5)",R.F. Kuang,,,15,4.52,6275,2020-11-01,,,The Drowning Faith,The Poppy War,2,https://www.goodreads.com/book/show/55927316
"The Poppy War (The Poppy War, #1)",R.F. Kuang,9780062662590.0,0062662597,545,4.12,120263,2018-05-01,2021-02-14,2021-02-18,The Poppy War,The Poppy War,1,https://www.goodreads.com/book/show/35068705
"The Dragon Republic (The Poppy War, #2)",R.F. Kuang,,,658,4.39,49458,2019-08-06,,,The Dragon Republic,The Poppy War,2,https://www.goodreads.com/book/show/41118857
Seven Brief Lessons on Physics,Carlo Rovelli,9780399184413.0,0399184414,81,3.97,47915,2014-10-22,2021-01-01,2021-01-05,Seven Brief Lessons on Physics,Standalone,1,https://www.goodreads.com/book/show/25734172
The Beat of a Different Drum: The Life and Science of Richard Feynman,Jagdish Mehra,9780198539483.0,0198539487,662,4.17,77,1994-03-31,,,The Beat of a Different Drum: The Life and Science of Richard Feynman,Standalone,1,https://www.goodreads.com/book/show/1676740
Subtle Is the Lord: The Science and the Life of Albert Einstein,Abraham Pais,9780192806727.0,0192806726,576,4.31,1785,1982-01-01,,,Subtle Is the Lord: The Science and the Life of Albert Einstein,Standalone,1,https://www.goodreads.com/book/show/282459
Physics of the Future: How Science Will Shape Human Destiny and Our Daily Lives by the Year 2100,Michio Kaku,9780385530804.0,0385530803,416,4.0,16398,2011-03-15,,2019-01-01,Physics of the Future: How Science Will Shape Human Destiny and Our Daily Lives by the Year 2100,Standalone,1,https://www.goodreads.com/book/show/8492907
"Hyperspace: A Scientific Odyssey Through Parallel Universes, Time Warps, and the Tenth Dimension",Michio Kaku,9780192861894.0,0192861891,359,4.14,21641,1994-01-01,,,"Hyperspace: A Scientific Odyssey Through Parallel Universes, Time Warps, and the Tenth Dimension",Standalone,1,https://www.goodreads.com/book/show/33426
"Parallel Worlds: A Journey through Creation, Higher Dimensions, and the Future of the Cosmos",Michio Kaku,9781400033720.0,1400033721,361,4.2,19599,2004-01-01,,,"Parallel Worlds: A Journey through Creation, Higher Dimensions, and the Future of the Cosmos",Standalone,1,https://www.goodreads.com/book/show/33418
A Briefer History of Time,Stephen Hawking,9780553804362.0,0553804367,176,4.24,34843,2005-09-01,,,A Briefer History of Time,Standalone,1,https://www.goodreads.com/book/show/3869
Brief Answers to the Big Questions,Stephen Hawking,9781984819192.0,1984819194,256,4.29,54984,2018-10-01,,,Brief Answers to the Big Questions,Standalone,1,https://www.goodreads.com/book/show/40277241
The Universe in a Nutshell,Stephen Hawking,9780553802023.0,055380202X,216,4.18,39024,2001-10-06,,,The Universe in a Nutshell,Standalone,1,https://www.goodreads.com/book/show/2095
"The Fabric of the Cosmos: Space, Time, and the Texture of Reality",Brian Greene,9780965900584.0,0965900584,569,4.11,36882,2003-01-01,,,"The Fabric of the Cosmos: Space, Time, and the Texture of Reality",Standalone,1,https://www.goodreads.com/book/show/22435
Cosmos,Carl Sagan,9780375508325.0,0375508325,365,4.38,133133,1980-05-03,,,Cosmos,Standalone,1,https://www.goodreads.com/book/show/55030
A Short History of Nearly Everything,Bill Bryson,9780767908184.0,076790818X,544,4.2,349111,2003-05-06,,,A Short History of Nearly Everything,Standalone,1,https://www.goodreads.com/book/show/21
2 States: The Story of My Marriage,Chetan Bhagat,9788129115300.0,8129115301,269,3.43,91293,2009-10-08,2019-06-05,2019-06-10,2 States: The Story of My Marriage,Standalone,1,https://www.goodreads.com/book/show/6969361
Five Point Someone: What Not to Do at IIT,Chetan Bhagat,9788129104595.0,8129104598,267,3.43,87395,2004-01-01,,,Five Point Someone: What Not to Do at IIT,Standalone,1,https://www.goodreads.com/book/show/105576
Half Girlfriend,Chetan Bhagat,9788129135728.0,8129135728,260,3.13,47311,2014-09-30,,,Half Girlfriend,Standalone,1,https://www.goodreads.com/book/show/22874559
The Last Question,Isaac Asimov,9781884214493.0,1884214495,9,4.56,21956,1956-11-01,,,The Last Question,Standalone,1,https://www.goodreads.com/book/show/4808763
"Robots and Empire (Robot, #4)",Isaac Asimov,9780586062005.0,0586062009,512,4.21,29845,1985-08-20,,,Robots and Empire,Robot,4,https://www.goodreads.com/book/show/76688
"The Robots of Dawn (Robot, #3)",Isaac Asimov,9780553299496.0,0553299492,435,4.18,44375,1983-01-01,,,The Robots of Dawn,Robot,3,https://www.goodreads.com/book/show/41810
The Naked Sun,Isaac Asimov,,,204,4.17,50477,1958-01-01,,,The Naked Sun,Standalone,1,https://www.goodreads.com/book/show/30016
The Caves of Steel (Robot #1),Isaac Asimov,,,206,4.18,88692,1953-10-01,,,The Caves of Steel,Standalone,1,https://www.goodreads.com/book/show/41811
Forward the Foundation (Foundation: Prequel #2),Isaac Asimov,9780553565072.0,0553565079,464,4.15,50876,1993-01-01,,,Forward the Foundation,Standalone,2,https://www.goodreads.com/book/show/76679
Prelude to Foundation,Isaac Asimov,,,464,4.14,78725,1988-05-01,,,Prelude to Foundation,Standalone,1,https://www.goodreads.com/book/show/30013
Foundation and Earth (Foundation #5),Isaac Asimov,9780553587579.0,0553587579,500,4.06,64307,1986-10-01,,,Foundation and Earth,Standalone,5,https://www.goodreads.com/book/show/29582
Foundation's Edge (Foundation #4),Isaac Asimov,9780553293388.0,0553293389,450,4.16,79796,1982-10-28,,,Foundation's Edge,Standalone,4,https://www.goodreads.com/book/show/76683
Second Foundation (Foundation #3),Isaac Asimov,9780553803730.0,0553803735,256,4.26,166151,1953-01-01,,,Second Foundation,Standalone,3,https://www.goodreads.com/book/show/29580
Foundation and Empire (Foundation #2),Isaac Asimov,9780553803723.0,0553803727,244,4.22,182137,1952-01-01,,,Foundation and Empire,Standalone,2,https://www.goodreads.com/book/show/29581
Schrödinger's Kittens and the Search for Reality: Solving the Quantum Mysteries,John Gribbin,9780316328197.0,0316328197,272,4.06,1528,1984-01-01,,,Schrödinger's Kittens and the Search for Reality: Solving the Quantum Mysteries,Standalone,1,https://www.goodreads.com/book/show/100006
"The Search for Superstrings, Symmetry, and the Theory of Everything",John Gribbin,9780316326148.0,0316326143,224,3.86,435,1998-01-01,,,"The Search for Superstrings, Symmetry, and the Theory of Everything",Standalone,1,https://www.goodreads.com/book/show/215788
Jane Austen: Seven Novels,Jane Austen,,,"2,398",4.57,31604,1813-01-28,,,Jane Austen: Seven Novels,Standalone,1,https://www.goodreads.com/book/show/2600408
तितली,जयशंकर प्रसाद,,,300,3.95,316,1985-01-01,,,तितली,Standalone,1,https://www.goodreads.com/book/show/17316335
Concepts of Physics (Part 1),H.C. Verma,,,456,4.34,1343,1999-01-01,,,Concepts of Physics,Standalone,1,https://www.goodreads.com/book/show/16133355
प्रेमाश्रम [Premashram],Munshi Premchand,,,722,4.21,180,1956-01-01,,,प्रेमाश्रम [Premashram],Standalone,1,https://www.goodreads.com/book/show/33208134
The Merchant of Venice,William Shakespeare,,,140,3.79,173667,,,,The Merchant of Venice,Standalone,1,https://www.goodreads.com/book/show/24128
Prema (Hindi),Munshi Premchand,,,172,4.04,256,2014-06-26,,,Prema,Standalone,1,https://www.goodreads.com/book/show/33220026
A Brief History Of Time: From the Big Bang To Black Holes,Stephen Hawking,9780553175219.0,0553175211,220,4.2,376432,1988-04-01,,,A Brief History Of Time: From the Big Bang To Black Holes,Standalone,1,https://www.goodreads.com/book/show/3869
The Universe: A Biography,John Gribbin,9780141021478.0,0141021470,242,3.9,347,2007-01-25,,,The Universe: A Biography,Standalone,1,https://www.goodreads.com/book/show/2715644
"One, Two, Three...Infinity: Facts and Speculations of Science",George Gamow,9780486256641.0,0486256642,384,4.2,3498,1947-01-01,,,"One, Two, Three...Infinity: Facts and Speculations of Science",Standalone,1,https://www.goodreads.com/book/show/52670
"Surely You're Joking, Mr. Feynman!",Richard Feynman,9780099173311.0,009917331X,350,4.26,182891,1985-01-01,,,"Surely You're Joking, Mr. Feynman!",Standalone,1,https://www.goodreads.com/book/show/35167685
The Elegant Universe,Brian Greene,9780099289920.0,009928992X,464,4.08,93004,1999-02-01,,,The Elegant Universe,Standalone,1,https://www.goodreads.com/book/show/8049273
In Search of Schrödinger's Cat: Quantum Physics and Reality,John Gribbin,,,400,4.05,19699,1984-09-01,,,In Search of Schrödinger's Cat: Quantum Physics and Reality,Standalone,1,https://www.goodreads.com/book/show/513367
David Copperfield,Charles Dickens,9788175994287.0,8175994282,924,4.01,216898,1850-11-01,,,David Copperfield,Standalone,1,https://www.goodreads.com/book/show/58696
Flatland: A Romance of Many Dimensions,Edwin A. Abbott,9780486272634.0,048627263X,96,3.81,63933,1884-01-01,,,Flatland: A Romance of Many Dimensions,Standalone,1,https://www.goodreads.com/book/show/433567
The Mill on the Floss,George Eliot,9788175993839.0,8175993839,560,3.81,51484,1860-01-01,,,The Mill on the Floss,Standalone,1,https://www.goodreads.com/book/show/20564
"The Throne of Fire (Kane Chronicles, #2)",Rick Riordan,9781423142010.0,1423142012,452,4.19,188989,2011-05-03,,,The Throne of Fire,Kane Chronicles,2,https://www.goodreads.com/book/show/9067850
Murder on the Orient Express,Agatha Christie,,,289,4.19,497840,1934-01-01,,,Murder on the Orient Express,Standalone,1,https://www.goodreads.com/book/show/853510
"Mort (Discworld, #4; Death, #1)",Terry Pratchett,9780061020681.0,0061020680,243,4.23,221114,1987-11-12,2020-11-27,2020-12-01,Mort,"Discworld, #4; Death",4,
"The Dark Talent (Alcatraz, #5)",Brandon Sanderson,9780765381408.0,0765381400,281,4.11,5766,2016-09-06,2020-11-25,2020-11-25,The Dark Talent,Alcatraz,5,https://www.goodreads.com/book/show/26114421
"Alcatraz Versus the Shattered Lens (Alcatraz, #4)",Brandon Sanderson,9780439925570.0,0439925576,294,4.13,9177,2010-12-01,2020-11-25,2020-11-25,Alcatraz Versus the Shattered Lens,Alcatraz,4,https://www.goodreads.com/book/show/7740659
"Alcatraz Versus the Knights of Crystallia (Alcatraz, #3)",Brandon Sanderson,9780439925556.0,043992555X,299,4.12,10663,2009-10-01,2020-11-23,2020-11-24,Alcatraz Versus the Knights of Crystallia,Alcatraz,3,https://www.goodreads.com/book/show/6366110
"Alcatraz Versus the Scrivener's Bones (Alcatraz, #2)",Brandon Sanderson,9780439925532.0,0439925533,322,4.13,12982,2008-11-01,2020-11-16,2020-11-23,Alcatraz Versus the Scrivener's Bones,Alcatraz,2,https://www.goodreads.com/book/show/3485562
"Alcatraz Versus the Evil Librarians (Alcatraz, #1)",Brandon Sanderson,9780439925501.0,0439925509,308,3.91,25181,2007-10-01,2020-11-16,2020-11-16,Alcatraz Versus the Evil Librarians,Alcatraz,1,https://www.goodreads.com/book/show/623976
"The Golden Tower (Magisterium, #5)",Holly Black,9780545522427.0,,256,4.02,12802,2018-09-11,2020-11-09,2020-11-09,The Golden Tower,Magisterium,5,https://www.goodreads.com/book/show/13612970
The Silver Mask (Magisterium #4),Holly Black,9780545522397.0,,200,4.07,16311,2017-08-29,2020-11-08,2020-11-09,The Silver Mask,Standalone,4,https://www.goodreads.com/book/show/13612968
"The Bronze Key (Magisterium,  #3)",Holly Black,9780545522311.0,0545522315,249,4.1,21940,2016-08-30,2020-11-08,2020-11-08,The Bronze Key,Magisterium,3,https://www.goodreads.com/book/show/13612965
"Dawnshard (The Stormlight Archive, #3.5)",Brandon Sanderson,,,171,4.53,36250,2020-11-05,2020-11-07,2020-11-10,Dawnshard,The Stormlight Archive,3,https://www.goodreads.com/book/show/54511226
"The Copper Gauntlet (Magisterium, #2)",Holly Black,9780545522281.0,0545522285,264,4.12,32806,2015-09-01,2020-11-07,2020-11-08,The Copper Gauntlet,Magisterium,2,https://www.goodreads.com/book/show/13612962
"How the King of Elfhame Learned to Hate Stories (The Folk of the Air, #3.5)",Holly Black,9780316540827.0,,200,4.24,97527,2020-11-24,2020-11-25,2020-11-25,How the King of Elfhame Learned to Hate Stories,The Folk of the Air,3,https://www.goodreads.com/book/show/53439886
"The Iron Trial (Magisterium, #1)",Holly Black,9780545522250.0,0545522250,295,3.95,69280,2014-09-09,2020-11-05,2020-11-07,The Iron Trial,Magisterium,1,https://www.goodreads.com/book/show/20578940
"The Light of All That Falls (The Licanius Trilogy, #3)",James Islington,9780356507835.0,,864,4.41,13662,2019-12-10,2020-10-28,2020-10-30,The Light of All That Falls,The Licanius Trilogy,3,https://www.goodreads.com/book/show/36111098
"An Echo of Things to Come (The Licanius Trilogy, #2)",James Islington,9780316274111.0,0316274119,752,4.26,20473,2017-08-24,2020-10-25,2020-10-28,An Echo of Things to Come,The Licanius Trilogy,2,https://www.goodreads.com/book/show/32498052
"The Shadow of What Was Lost (The Licanius Trilogy, #1)",James Islington,9780992580209.0,099258020X,602,4.14,38047,2014-08-03,2020-10-21,2020-10-25,The Shadow of What Was Lost,The Licanius Trilogy,1,https://www.goodreads.com/book/show/22878967
Alice's Adventures in Wonderland / Through the Looking-Glass,Lewis Carroll,9780451527745.0,0451527747,239,4.06,513044,1871-12-27,,,Alice's Adventures in Wonderland / Through the Looking-Glass,Standalone,1,https://www.goodreads.com/book/show/24213
"Morning Star (Red Rising Saga, #3)",Pierce Brown,9780345539847.0,0345539842,524,4.48,150327,2016-02-09,2020-10-01,2020-10-02,Morning Star,Red Rising Saga,3,https://www.goodreads.com/book/show/18966806
"Golden Son (Red Rising Saga, #2)",Pierce Brown,9780345539823.0,0345539826,430,4.44,180630,2015-01-06,2020-09-29,2020-09-30,Golden Son,Red Rising Saga,2,https://www.goodreads.com/book/show/18966819
"Red Rising (Red Rising Saga, #1)",Pierce Brown,9780345539786.0,0345539788,382,4.25,303554,2014-01-28,2020-09-28,2020-09-29,Red Rising,Red Rising Saga,1,https://www.goodreads.com/book/show/15839976
"Royal Assassin (Farseer Trilogy, #2)",Robin Hobb,,,675,4.24,170983,1996-03-01,2020-09-21,2020-10-21,Royal Assassin,Farseer Trilogy,2,https://www.goodreads.com/book/show/25300956
"A Wizard of Earthsea (Earthsea Cycle, #1)",Ursula K. Le Guin,9780553383041.0,0553383043,183,4.0,277543,1968-01-01,,,A Wizard of Earthsea,Earthsea Cycle,1,https://www.goodreads.com/book/show/13642
"Glass Sword (Red Queen, #2)",Victoria Aveyard,9780062310668.0,0062310666,444,3.84,285948,2016-02-09,2020-09-01,2020-09-02,Glass Sword,Red Queen,2,https://www.goodreads.com/book/show/23174274
"Red Queen (Red Queen, #1)",Victoria Aveyard,,,388,4.03,802107,2015-02-10,2020-08-31,2020-09-01,Red Queen,Red Queen,1,https://www.goodreads.com/book/show/22328546
"The Prince (The Selection, #0.5)",Kiera Cass,9780062248169.0,0062248162,64,3.91,75112,2013-03-05,2020-08-31,2020-08-31,The Prince,The Selection,0,https://www.goodreads.com/book/show/15820748
"The One (The Selection, #3)",Kiera Cass,9780062059994.0,0062059998,323,4.17,551591,2014-05-06,2020-08-30,2020-08-31,The One,The Selection,3,https://www.goodreads.com/book/show/10507293
"The Elite (The Selection, #2)",Kiera Cass,9780062059963.0,0062059963,336,3.97,620471,2013-04-23,2020-08-30,2020-08-30,The Elite,The Selection,2,https://www.goodreads.com/book/show/16248068
"The Selection (The Selection, #1)",Kiera Cass,9780062059932.0,0062059939,336,4.1,1256188,2012-04-24,2020-08-29,2020-08-30,The Selection,The Selection,1,https://www.goodreads.com/book/show/10507293
"The Lost Sisters (The Folk of the Air, #1.5)",Holly Black,9780316310444.0,,50,3.49,41100,2018-10-02,2020-08-26,2020-08-27,The Lost Sisters,The Folk of the Air,1,https://www.goodreads.com/book/show/40772063
"Fool Moon (The Dresden Files, #2)",Jim Butcher,9780451458124.0,0451458125,401,3.99,180447,2001-01-01,2020-08-25,2020-08-29,Fool Moon,The Dresden Files,2,https://www.goodreads.com/book/show/91477
"Storm Front (The Dresden Files, #1)",Jim Butcher,9780451457813.0,0451457811,355,3.98,325525,2000-04-01,2020-08-25,2020-08-25,Storm Front,The Dresden Files,1,https://www.goodreads.com/book/show/47212
"White Sand, Volume 1 (White Sand, #1)",Brandon Sanderson,9781606908853.0,1606908855,160,3.63,13713,2016-06-21,,,"White Sand, Volume 1",White Sand,1,https://www.goodreads.com/book/show/28862254
Shadows for Silence in the Forests of Hell,Brandon Sanderson,,,50,4.2,16705,2013-12-03,2020-08-21,2020-08-25,Shadows for Silence in the Forests of Hell,Standalone,1,https://www.goodreads.com/book/show/21411388
"The Eleventh Metal (Mistborn, #0.5)",Brandon Sanderson,,,21,3.84,11055,2012-04-11,,2020-01-01,The Eleventh Metal,Mistborn,0,https://www.goodreads.com/book/show/22823333
Sixth of the Dusk (The Cosmere),Brandon Sanderson,,,59,4.25,16061,2014-10-16,2020-08-21,2020-08-27,Sixth of the Dusk,Standalone,1,https://www.goodreads.com/book/show/23397921
"American Gods (American Gods, #1)",Neil Gaiman,,,635,4.11,845482,2001-06-19,,,American Gods,American Gods,1,https://www.goodreads.com/book/show/30165203
White Sand,Brandon Sanderson,,,995,4.14,1537,,2020-08-11,2020-08-20,White Sand,Standalone,1,https://www.goodreads.com/book/show/28862254
"Dragons of Spring Dawning (Dragonlance: Chronicles, #3)",Margaret Weis,9780786930708.0,0786930705,352,4.11,55843,1985-09-12,,,Dragons of Spring Dawning,Dragonlance: Chronicles,3,https://www.goodreads.com/book/show/68378
"Dragons of Autumn Twilight  (Dragonlance: Chronicles, #1)",Margaret Weis,9780786915743.0,0786915749,444,4.0,112508,1984-11-12,,,Dragons of Autumn Twilight ,Dragonlance: Chronicles,1,https://www.goodreads.com/book/show/259836
"Dragons of Winter Night (Dragonlance: Chronicles, #2)",Margaret Weis,9781932796780.0,1932796789,358,4.12,48640,1985-07-01,,,Dragons of Winter Night,Dragonlance: Chronicles,2,https://www.goodreads.com/book/show/23454
"A Memory of Light (Wheel of Time, #14)",Robert Jordan,,,"1,025",4.53,124028,2013-01-08,2020-08-09,2020-08-11,A Memory of Light,Wheel of Time,1,https://www.goodreads.com/book/show/7743175
"The Thorn of Emberlain (Gentleman Bastard, #4)",Scott Lynch,9780575079588.0,0575079584,512,4.29,2401,,,,The Thorn of Emberlain,Gentleman Bastard,4,https://www.goodreads.com/book/show/8074907
"Red Seas Under Red Skies (Gentleman Bastard, #2)",Scott Lynch,,,578,4.24,127888,2007-06-21,,,Red Seas Under Red Skies,Gentleman Bastard,2,https://www.goodreads.com/book/show/40604556
"The Republic of Thieves (Gentleman Bastard, #3)",Scott Lynch,9780553804690.0,0553804693,650,4.21,96349,2013-10-08,,,The Republic of Thieves,Gentleman Bastard,3,https://www.goodreads.com/book/show/2890090
"The Lies of Locke Lamora (Gentleman Bastard, #1)",Scott Lynch,,,752,4.28,260485,2006-06-01,,,The Lies of Locke Lamora,Gentleman Bastard,1,https://www.goodreads.com/book/show/29588376
"The Winds of Winter (A Song of Ice and Fire, #6)",George R.R. Martin,9780002247412.0,0002247410,,4.4,9735,,,,The Winds of Winter,A Song of Ice and Fire,6,https://www.goodreads.com/book/show/12111823
"A Dream of Spring (A Song of Ice and Fire, #7)",George R.R. Martin,,,,4.37,2007,,,,A Dream of Spring,A Song of Ice and Fire,7,https://www.goodreads.com/book/show/6382055
The Way of Kings Prime,Brandon Sanderson,,,803,4.01,775,2020-07-07,,,The Way of Kings Prime,Standalone,1,https://www.goodreads.com/book/show/54433225
"The Last Battle (Chronicles of Narnia, #7)",C.S. Lewis,9780007202324.0,0007202326,288,4.01,250412,1956-09-04,,,The Last Battle,Chronicles of Narnia,7,https://www.goodreads.com/book/show/84369
"The Magician's Nephew (Chronicles of Narnia, #6)",C.S. Lewis,9780060764906.0,0060764902,221,4.04,478468,1955-05-02,2020-10-31,2020-11-04,The Magician's Nephew,Chronicles of Narnia,6,https://www.goodreads.com/book/show/65605
"The Silver Chair (Chronicles of Narnia, #4)",C.S. Lewis,,,243,3.95,269656,1953-09-07,,,The Silver Chair,Chronicles of Narnia,4,https://www.goodreads.com/book/show/65641
"The Voyage of the Dawn Treader (Chronicles of Narnia, #3)",C.S. Lewis,9780061125270.0,006112527X,248,4.09,433982,1952-09-15,,,The Voyage of the Dawn Treader,Chronicles of Narnia,3,https://www.goodreads.com/book/show/140225
"Redemption (Infinity Blade, #2)",Brandon Sanderson,9780983943020.0,0983943028,200,3.85,5853,2013-09-03,2020-08-21,2020-08-21,Redemption,Infinity Blade,2,https://www.goodreads.com/book/show/18361393
"Awakening (Infinity Blade, #1)",Brandon Sanderson,,,128,3.87,13443,2011-06-18,2020-07-15,2020-08-21,Awakening,Infinity Blade,1,https://www.goodreads.com/book/show/12796771
"Towers of Midnight (The Wheel of Time, #13)",Robert Jordan,9780765325945.0,0765325942,863,4.44,139889,2010-11-02,2020-08-08,2020-08-09,Towers of Midnight,The Wheel of Time,1,https://www.goodreads.com/book/show/8253920
"The Gathering Storm (The Wheel of Time, #12)",Robert Jordan,9780765302304.0,0765302306,783,4.39,142288,2009-11-07,2020-08-06,2020-08-08,The Gathering Storm,The Wheel of Time,1,https://www.goodreads.com/book/show/1166599
"Knife of Dreams (The Wheel of Time, #11)",Robert Jordan,9780812577563.0,0812577566,860,4.17,115110,2005-10-03,2020-08-04,2020-08-06,Knife of Dreams,The Wheel of Time,1,https://www.goodreads.com/book/show/13888
"Crossroads of Twilight (The Wheel of Time, #10)",Robert Jordan,9780312864590.0,0312864590,704,3.8,106338,2003-01-07,2020-08-04,2020-08-04,Crossroads of Twilight,The Wheel of Time,1,https://www.goodreads.com/book/show/113435
"Winter's Heart (The Wheel of Time, #9)",Robert Jordan,9780812575583.0,081257558X,780,3.95,119362,2000-11-07,2020-08-03,2020-08-04,Winter's Heart,The Wheel of Time,9,https://www.goodreads.com/book/show/13891
"The Path of Daggers (The Wheel of Time, #8)",Robert Jordan,9780812550290.0,0812550293,685,3.92,124927,1998-10-20,2020-08-02,2020-08-03,The Path of Daggers,The Wheel of Time,8,https://www.goodreads.com/book/show/140974
"A Crown of Swords (The Wheel of Time, #7)",Robert Jordan,9780812550283.0,0812550285,880,4.05,145206,1996-05-15,2020-08-01,2020-08-02,A Crown of Swords,The Wheel of Time,7,https://www.goodreads.com/book/show/13890
"Lord of Chaos (The Wheel of Time, #6)",Robert Jordan,9780812513752.0,0812513754,"1,011",4.16,150918,1994-10-15,2020-07-29,2020-07-31,Lord of Chaos,The Wheel of Time,6,https://www.goodreads.com/book/show/35231
"The Fires of Heaven (The Wheel of Time, #5)",Robert Jordan,9781857232097.0,1857232097,912,4.18,162941,1993-10-15,2020-07-28,2020-07-29,The Fires of Heaven,The Wheel of Time,5,https://www.goodreads.com/book/show/13895
"The Shadow Rising (The Wheel of Time, #4)",Robert Jordan,9780812513738.0,0812513738,"1,007",4.26,202091,1992-09-15,2020-07-25,2020-07-28,The Shadow Rising,The Wheel of Time,4,https://www.goodreads.com/book/show/9539
"The Dragon Reborn (The Wheel of Time, #3)",Robert Jordan,9780765305114.0,0765305119,624,4.26,252324,1991-10-15,2020-07-23,2020-07-25,The Dragon Reborn,The Wheel of Time,3,https://www.goodreads.com/book/show/34897
"The Strike at Shayol Ghul (The Wheel of Time, #0.1)",Robert Jordan,,,7,3.89,5523,1996-01-01,,,The Strike at Shayol Ghul,The Wheel of Time,0,https://www.goodreads.com/book/show/8675071
"New Spring (The Wheel of Time, #0)",Robert Jordan,9781841492612.0,1841492612,423,4.04,90400,2004-01-06,2020-08-11,2020-08-26,New Spring,The Wheel of Time,0,https://www.goodreads.com/book/show/187065
How Old Holly Came to Be,Patrick Rothfuss,,,11,3.27,863,2013-06-21,,,How Old Holly Came to Be,Standalone,1,https://www.goodreads.com/book/show/36498720
Rogues,George R.R. Martin,9780345537263.0,0345537262,806,3.89,22259,2014-06-17,,,Rogues,Standalone,1,https://www.goodreads.com/book/show/20168816
"The Doors of Stone (The Kingkiller Chronicle, #3)",Patrick Rothfuss,9780575081444.0,0575081449,896,3.61,4188,,,,The Doors of Stone,The Kingkiller Chronicle,3,https://www.goodreads.com/book/show/21032488
"Skin Deep (Legion, #2)",Brandon Sanderson,,,208,4.13,19005,2014-11-24,2020-08-21,2020-08-22,Skin Deep,Legion,2,https://www.goodreads.com/book/show/20886354
"Lies of the Beholder (Legion, #3)",Brandon Sanderson,9781596068858.0,159606885X,148,4.13,5714,2018-09-20,2020-08-21,2020-08-22,Lies of the Beholder,Legion,3,https://www.goodreads.com/book/show/37640636
"Secret History (Mistborn, #3.5)",Brandon Sanderson,,,160,4.37,38126,2016-01-26,,,Secret History,Mistborn,3,https://www.goodreads.com/book/show/42028213
"Mitosis (The Reckoners, #1.5)",Brandon Sanderson,9780449818435.0,0449818438,55,3.86,35176,2013-12-03,2020-07-14,2020-07-15,Mitosis,The Reckoners,1,https://www.goodreads.com/book/show/18966322
"Legion (Legion, #1)",Brandon Sanderson,9781596064850.0,1596064854,88,4.14,37590,2012-08-31,2020-08-21,2020-08-22,Legion,Legion,1,https://www.goodreads.com/book/show/13452375
"Mistborn Trilogy Boxed Set (Mistborn, #1-3)",Brandon Sanderson,9780765365439.0,076536543X,"2,176",4.58,47135,2009-11-03,,,Mistborn Trilogy Boxed Set,Mistborn,1,https://www.goodreads.com/book/show/6604209
"The Rithmatist (The Rithmatist, #1)",Brandon Sanderson,,,353,4.23,61132,2013-05-13,2020-10-29,2020-10-30,The Rithmatist,The Rithmatist,1,https://www.goodreads.com/book/show/22443261
"Calamity (Reckoners, #3)",Brandon Sanderson,9780385743600.0,0385743602,424,4.19,71313,2016-02-16,2020-07-15,2020-07-15,Calamity,Reckoners,3,https://www.goodreads.com/book/show/15704486
"Firefight (The Reckoners, #2)",Brandon Sanderson,9780385743587.0,0385743580,416,4.26,91644,2015-01-06,2020-07-14,2020-07-15,Firefight,The Reckoners,2,https://www.goodreads.com/book/show/15704459
"Steelheart (The Reckoners, #1)",Brandon Sanderson,9780385743563.0,0385743564,386,4.14,167362,2013-09-24,2020-07-12,2020-07-14,Steelheart,The Reckoners,1,https://www.goodreads.com/book/show/17182126
"Starsight (Skyward, #2)",Brandon Sanderson,9781473217904.0,1473217903,461,4.41,64190,2019-11-26,2020-07-05,2020-07-13,Starsight,Skyward,2,https://www.goodreads.com/book/show/42769202
"Skyward (Skyward, #1)",Brandon Sanderson,9781473217850.0,1473217857,513,4.5,103118,2018-11-06,2020-07-03,2020-07-05,Skyward,Skyward,1,https://www.goodreads.com/book/show/36642458
"The Lost Metal (Mistborn, #7)",Brandon Sanderson,9780765391193.0,0765391198,464,4.35,1802,2022-11-15,,,The Lost Metal,Mistborn,7,https://www.goodreads.com/book/show/23947089
"The Bands of Mourning (Mistborn, #6)",Brandon Sanderson,,,448,4.42,96449,2016-01-26,2020-07-01,2020-07-03,The Bands of Mourning,Mistborn,6,https://www.goodreads.com/book/show/18739426
"Shadows of Self (Mistborn, #5)",Brandon Sanderson,9780765378552.0,0765378558,383,4.29,107782,2015-10-06,2020-06-30,2020-07-01,Shadows of Self,Mistborn,5,https://www.goodreads.com/book/show/16065004
"The Alloy of Law (Mistborn, #4)",Brandon Sanderson,9780765330420.0,0765330423,332,4.21,167885,2011-11-08,2020-06-27,2020-06-30,The Alloy of Law,Mistborn,4,https://www.goodreads.com/book/show/10803121
The Emperor's Soul (The Cosmere),Brandon Sanderson,9781616960926.0,1616960922,175,4.35,76222,2012-10-11,2020-06-19,2020-06-20,The Emperor's Soul,Standalone,1,https://www.goodreads.com/book/show/16131932
Circe,Madeline Miller,9780316556347.0,0316556343,393,4.26,686807,2018-04-10,2021-08-14,2021-08-31,Circe,Standalone,1,https://www.goodreads.com/book/show/35959740
"Warbreaker (Warbreaker, #1)",Brandon Sanderson,,,688,4.29,151710,2009-06-09,2020-06-26,2020-06-28,Warbreaker,Warbreaker,1,https://www.goodreads.com/book/show/1268479
"Rhythm of War (The Stormlight Archive, #4)",Brandon Sanderson,,,"1,270",4.62,87819,2020-11-17,2020-11-16,2020-11-21,Rhythm of War,The Stormlight Archive,4,https://www.goodreads.com/book/show/49021976
"Oathbringer (The Stormlight Archive, #3)",Brandon Sanderson,9780765326379.0,076532637X,"1,248",4.6,178449,2017-11-14,2020-06-14,2020-06-17,Oathbringer,The Stormlight Archive,3,https://www.goodreads.com/book/show/34002132
"Words of Radiance (The Stormlight Archive, #2)",Brandon Sanderson,9780765326362.0,0765326361,"1,087",4.75,267227,2014-03-04,2020-06-09,2020-06-14,Words of Radiance,The Stormlight Archive,2,https://www.goodreads.com/book/show/17332218
"Edgedancer (The Stormlight Archive, #2.5)",Brandon Sanderson,9781250166548.0,1250166543,272,4.26,64656,2017-10-17,2020-06-21,2020-06-26,Edgedancer,The Stormlight Archive,2,https://www.goodreads.com/book/show/34703445
"A Storm of Swords: Steel and Snow (A Song of Ice and Fire, #3: Part 1 of 2)",George R.R. Martin,9780006479901.0,0006479901,663,4.45,76402,2000-08-08,,,A Storm of Swords: Steel and Snow,A Song of Ice and Fire,3,https://www.goodreads.com/book/show/768889
"A Storm of Swords 2: Blood and Gold (A Song of Ice and Fire, #3, Part 2 of 2)",George R.R. Martin,9780007119554.0,0007119550,639,4.53,87749,2000-08-08,,,A Storm of Swords 2: Blood and Gold,"A Song of Ice and Fire, #3",3,https://www.goodreads.com/book/show/000744785
"Legacy (Keeper of the Lost Cities, #8)",Shannon Messenger,,,797,4.49,16785,2019-11-05,,,Legacy,Keeper of the Lost Cities,8,https://www.goodreads.com/book/show/44150974
"Flashback (Keeper of the Lost Cities, #7)",Shannon Messenger,9781481497459.0,1481497456,848,4.4,18965,2018-11-06,,,Flashback,Keeper of the Lost Cities,7,https://www.goodreads.com/book/show/32762937
"Nightfall (Keeper of the Lost Cities, #6)",Shannon Messenger,9781481497428.0,1481497421,576,4.58,21619,2017-11-07,,,Nightfall,Keeper of the Lost Cities,6,https://www.goodreads.com/book/show/32762917
"Lodestar (Keeper of the Lost Cities, #5)",Shannon Messenger,,,688,4.59,23870,2016-11-01,,,Lodestar,Keeper of the Lost Cities,5,https://www.goodreads.com/book/show/27272698
"Neverseen (Keeper of the Lost Cities, #4)",Shannon Messenger,,,672,4.62,27156,2015-11-03,2020-05-03,2020-05-05,Neverseen,Keeper of the Lost Cities,4,https://www.goodreads.com/book/show/22733616
"Everblaze (Keeper of the Lost Cities, #3)",Shannon Messenger,9781442445994.0,1442445998,624,4.55,29346,2014-08-03,2020-05-02,2020-05-03,Everblaze,Keeper of the Lost Cities,3,https://www.goodreads.com/book/show/13260668
"Keeper of the Lost Cities (Keeper of the Lost Cities, #1)",Shannon Messenger,9781442445932.0,1442445939,496,4.43,52094,2012-10-02,2020-04-28,2020-04-30,Keeper of the Lost Cities,Keeper of the Lost Cities,1,https://www.goodreads.com/book/show/12842828
"Exile (Keeper of the Lost Cities, #2)",Shannon Messenger,9781442445987.0,,576,4.51,34006,2013-10-01,2020-04-30,2020-05-02,Exile,Keeper of the Lost Cities,2,https://www.goodreads.com/book/show/12842828
"The Queen of Nothing (The Folk of the Air, #3)",Holly Black,9780316310406.0,0316310409,300,4.37,351505,2019-11-19,2020-08-27,2020-08-28,The Queen of Nothing,The Folk of the Air,3,https://www.goodreads.com/book/show/26032912
"The Wicked King (The Folk of the Air, #2)",Holly Black,9780316310338.0,0316310336,336,4.34,399504,2019-01-08,2020-08-26,2020-08-27,The Wicked King,The Folk of the Air,2,https://www.goodreads.com/book/show/26032887
"The Cruel Prince (The Folk of the Air, #1)",Holly Black,,,370,4.1,642732,2018-01-02,2020-08-26,2020-08-26,The Cruel Prince,The Folk of the Air,1,https://www.goodreads.com/book/show/26032825
Arcanum Unbounded: The Cosmere Collection,Brandon Sanderson,9780765391162.0,0765391163,672,4.5,32561,2016-11-08,,,Arcanum Unbounded: The Cosmere Collection,Standalone,1,https://www.goodreads.com/book/show/28595941
"Sabriel (Abhorsen,  #1)",Garth Nix,9780064471831.0,0064471837,491,4.15,199495,1995-05-01,,,Sabriel,Abhorsen,1,https://www.goodreads.com/book/show/518848
"The Dark Prophecy (The Trials of Apollo, #2)",Rick Riordan,9781484746424.0,1484746422,414,4.19,83394,2017-05-02,2020-04-24,2020-04-28,The Dark Prophecy,The Trials of Apollo,2,https://www.goodreads.com/book/show/30145666
"The Tower of Nero (The Trials of Apollo, #5)",Rick Riordan,9781484746455.0,1484746457,410,4.53,39729,2020-10-06,2020-10-05,2020-10-08,The Tower of Nero,The Trials of Apollo,5,https://www.goodreads.com/book/show/48717744
"The Burning Maze (The Trials of Apollo, #3)",Rick Riordan,9781368024129.0,1484746430,448,4.32,63184,2018-05-01,2020-04-28,2020-05-01,The Burning Maze,The Trials of Apollo,3,https://www.goodreads.com/book/show/28006096
"The Hidden Oracle (The Trials of Apollo, #1)",Rick Riordan,9781484732748.0,148473274X,384,4.19,149688,2016-05-03,2020-04-22,2020-04-24,The Hidden Oracle,The Trials of Apollo,1,https://www.goodreads.com/book/show/26252859
"Elantris (Elantris, #1)",Brandon Sanderson,9780765350374.0,0765350378,622,4.18,215210,2005-05-01,2020-04-24,2020-05-23,Elantris,Elantris,1,https://www.goodreads.com/book/show/68427
Norse Mythology,Neil Gaiman,,,301,4.09,273408,2017-02-07,,,Norse Mythology,Standalone,1,https://www.goodreads.com/book/show/37903770
Stardust,Neil Gaiman,9780061142024.0,0061142026,248,4.09,405582,1998-01-01,,,Stardust,Standalone,1,https://www.goodreads.com/book/show/16793
To Kill A Mockingbird,Harper Lee,9780333398548.0,0333398548,96,4.27,5307189,1960-07-11,,,To Kill A Mockingbird,Standalone,1,https://www.goodreads.com/book/show/2657
"I, Robot (Robot, #0.1)",Isaac Asimov,9780553803709.0,0553803700,224,4.21,313054,1950-12-02,,,"I, Robot",Robot,0,https://www.goodreads.com/book/show/41804
The Time Machine,H.G. Wells,,,118,3.9,468064,1895-05-07,,,The Time Machine,Standalone,1,https://www.goodreads.com/book/show/2493
"The Hobbit, Part One",J.R.R. Tolkien,9780007926664.0,,230,4.3,373652,1937-09-21,,,"The Hobbit, Part One",Standalone,1,https://www.goodreads.com/book/show/17157681
The Great Gatsby,F. Scott Fitzgerald,,,180,3.93,4481181,1925-04-10,2021-05-28,2021-05-29,The Great Gatsby,Standalone,1,https://www.goodreads.com/book/show/4671
Dune,Frank Herbert,9780593099322.0,059309932X,658,4.25,1087397,1965-06-01,2021-09-17,2021-11-08,Dune,Standalone,1,https://www.goodreads.com/book/show/44767458
The Princess Bride,William Goldman,9780345418265.0,0345418263,456,4.26,845025,1973-09-01,,,The Princess Bride,Standalone,1,https://www.goodreads.com/book/show/21787
"A Court of Frost and Starlight (A Court of Thorns and Roses, #3.1)",Sarah J. Maas,9781681196312.0,168119631X,229,3.8,382026,2018-05-01,,,A Court of Frost and Starlight,A Court of Thorns and Roses,3,https://www.goodreads.com/book/show/50659471
"Tower of Dawn (Throne of Glass, #6)",Sarah J. Maas,9781681195773.0,1681195771,660,4.28,226283,2017-09-05,2020-04-22,2020-04-24,Tower of Dawn,Throne of Glass,6,https://www.goodreads.com/book/show/31450852
"Kingdom of Ash (Throne of Glass, #7)",Sarah J. Maas,9781619636101.0,1619636107,984,4.61,241446,2018-10-23,2020-04-22,2020-05-05,Kingdom of Ash,Throne of Glass,7,https://www.goodreads.com/book/show/33590260
"The Assassin's Blade (Throne of Glass, #0.1-0.5)",Sarah J. Maas,9781408852590.0,1408852594,448,4.33,237977,2014-03-04,,,The Assassin's Blade,Throne of Glass,0,https://www.goodreads.com/book/show/18243700
"Empire of Storms (Throne of Glass, #5)",Sarah J. Maas,,,689,4.56,321013,2016-09-06,2020-04-18,2020-04-22,Empire of Storms,Throne of Glass,5,https://www.goodreads.com/book/show/28260587
"Queen of Shadows (Throne of Glass, #4)",Sarah J. Maas,9781619636040.0,1619636042,648,4.55,385603,2015-09-01,2020-04-13,2020-04-18,Queen of Shadows,Throne of Glass,4,https://www.goodreads.com/book/show/18006496
"A Court of Wings and Ruin (A Court of Thorns and Roses, #3)",Sarah J. Maas,9781408857908.0,1408857901,705,4.43,585040,2017-05-02,,,A Court of Wings and Ruin,A Court of Thorns and Roses,3,https://www.goodreads.com/book/show/104014
"A Court of Thorns and Roses (A Court of Thorns and Roses, #1)",Sarah J. Maas,9781619634442.0,1619634449,432,4.19,1024506,2015-05-05,,,A Court of Thorns and Roses,A Court of Thorns and Roses,1,https://www.goodreads.com/book/show/16096824
"A Court of Mist and Fury (A Court of Thorns and Roses, #2)",Sarah J. Maas,,,626,4.61,730920,2016-05-03,,,A Court of Mist and Fury,A Court of Thorns and Roses,2,https://www.goodreads.com/book/show/104014
"The Great Hunt (The Wheel of Time, #2)",Robert Jordan,9780812517729.0,0812517725,705,4.25,274973,1990-11-15,2020-07-20,2020-07-23,The Great Hunt,The Wheel of Time,2,https://www.goodreads.com/book/show/233649
"City of Glass (The Mortal Instruments, #3)",Cassandra Clare,9781416914303.0,1416914307,541,4.29,891668,2009-03-24,,,City of Glass,The Mortal Instruments,3,https://www.goodreads.com/book/show/3777732
"The Chronicles of Narnia (Chronicles of Narnia, #1-7)",C.S. Lewis,9780066238500.0,0066238501,767,4.26,589512,1956-01-01,,,The Chronicles of Narnia,Chronicles of Narnia,1,https://www.goodreads.com/book/show/11127
The Tales of Beedle the Bard (Hogwarts Library),J.K. Rowling,9780747599876.0,0747599874,109,4.05,457681,2008-12-04,,,The Tales of Beedle the Bard,Standalone,1,https://www.goodreads.com/book/show/3950967
"Prince Caspian (Chronicles of Narnia, #2)",C.S. Lewis,9780007202300.0,000720230X,240,3.98,394537,1951-10-15,,,Prince Caspian,Chronicles of Narnia,2,https://www.goodreads.com/book/show/121749
"City of Ashes (The Mortal Instruments, #2)",Cassandra Clare,9781416914297.0,1416914293,453,4.13,854461,2008-08-07,2020-10-04,2020-10-05,City of Ashes,The Mortal Instruments,2,https://www.goodreads.com/book/show/1582996
The Silmarillion,J.R.R. Tolkien,9780618391110.0,0618391118,386,3.96,247823,1977-09-15,,,The Silmarillion,Standalone,1,https://www.goodreads.com/book/show/259055
"Assassin's Apprentice (Farseer Trilogy, #1)",Robin Hobb,9780553573398.0,055357339X,435,4.17,275409,1995-05-01,2020-05-25,2020-09-21,Assassin's Apprentice,Farseer Trilogy,1,https://www.goodreads.com/book/show/77197
"Harry Potter and the Cursed Child: Parts One and Two (Harry Potter, #8)",John Tiffany,,,343,3.53,870269,2016-07-31,,,Harry Potter and the Cursed Child: Parts One and Two,Harry Potter,8,https://www.goodreads.com/book/show/29056083
"Graceling (Graceling Realm, #1)",Kristin Cashore,9780152063962.0,,471,4.07,429684,2008-10-01,,,Graceling,Graceling Realm,1,https://www.goodreads.com/book/show/3236307
The Lord of the Rings,J.R.R. Tolkien,,,"1,216",4.51,620072,1955-10-20,,,The Lord of the Rings,Standalone,1,https://www.goodreads.com/book/show/33
"A Dance with Dragons (A Song of Ice and Fire, #5)",George R.R. Martin,,,"1,125",4.32,602429,2011-07-12,2021-03-27,2021-04-07,A Dance with Dragons,A Song of Ice and Fire,5,https://www.goodreads.com/book/show/10664113
"The Golden Compass (His Dark Materials, #1)",Philip Pullman,9780679879244.0,0679879242,399,4.01,1415133,1995-07-01,,,The Golden Compass,His Dark Materials,1,https://www.goodreads.com/book/show/119322
"The Return of the King (The Lord of the Rings, #3)",J.R.R. Tolkien,,,404,4.55,776019,1955-10-20,,,The Return of the King,The Lord of the Rings,3,https://www.goodreads.com/book/show/838729
"The Two Towers (The Lord of the Rings, #2)",J.R.R. Tolkien,9780618346264.0,0618346260,322,4.46,828337,1954-11-11,,,The Two Towers,The Lord of the Rings,2,https://www.goodreads.com/book/show/222910
"Heir of Fire (Throne of Glass, #3)",Sarah J. Maas,9781619630659.0,1619630656,565,4.46,443572,2014-09-02,2020-04-10,2020-04-13,Heir of Fire,Throne of Glass,3,https://www.goodreads.com/book/show/20613470
"The Assassin and the Empire (Throne of Glass, #0.5)",Sarah J. Maas,,,94,4.41,33530,2012-07-20,2020-04-09,2020-04-09,The Assassin and the Empire,Throne of Glass,0,https://www.goodreads.com/book/show/13565676
"The Assassin and the Underworld (Throne of Glass, #0.4)",Sarah J. Maas,,,102,4.36,33530,2012-05-01,2020-04-09,2020-04-10,The Assassin and the Underworld,Throne of Glass,0,https://www.goodreads.com/book/show/13546173
"The Assassin and the Desert (Throne of Glass, #0.3)",Sarah J. Maas,,,103,4.39,36697,2012-03-30,2020-04-09,2020-04-09,The Assassin and the Desert,Throne of Glass,0,https://www.goodreads.com/book/show/13419891
"The Assassin and the Healer (Throne of Glass, #0.2)",Sarah J. Maas,,,40,4.21,26540,2012-03-30,2020-04-09,2020-04-10,The Assassin and the Healer,Throne of Glass,0,https://www.goodreads.com/book/show/18333581
"The Assassin and the Pirate Lord (Throne of Glass, #0.1)",Sarah J. Maas,,,70,4.22,40978,2012-01-13,2020-04-09,2020-04-10,The Assassin and the Pirate Lord,Throne of Glass,0,https://www.goodreads.com/book/show/13415554
"Crown of Midnight (Throne of Glass, #2)",Sarah J. Maas,9781619630628.0,1619630621,420,4.36,522520,2013-08-15,2020-04-08,2020-04-10,Crown of Midnight,Throne of Glass,2,https://www.goodreads.com/book/show/17167166
"Throne of Glass (Throne of Glass, #1)",Sarah J. Maas,,,406,4.19,853400,2012-08-02,2020-04-08,2020-04-09,Throne of Glass,Throne of Glass,1,https://www.goodreads.com/book/show/7896527
"A Feast for Crows (A Song of Ice and Fire, #4)",George R.R. Martin,9780553582024.0,055358202X,"1,061",4.15,676984,2005-10-17,2021-01-29,2021-03-27,A Feast for Crows,A Song of Ice and Fire,4,https://www.goodreads.com/book/show/13497
"The Slow Regard of Silent Things (The Kingkiller Chronicle, #2.5)",Patrick Rothfuss,9780756410438.0,0756410436,159,3.89,130547,2014-10-28,,,The Slow Regard of Silent Things,The Kingkiller Chronicle,2,https://www.goodreads.com/book/show/21535271
"The Sea of Monsters (Percy Jackson and the Olympians, #2)",Rick Riordan,9780786856862.0,0786856866,279,4.24,940782,2006-04-01,2020-10-13,2020-10-13,The Sea of Monsters,Percy Jackson and the Olympians,2,https://www.goodreads.com/book/show/28186
"The Hero of Ages (Mistborn, #3)",Brandon Sanderson,9780765316899.0,0765316897,572,4.5,328867,2008-10-14,2020-04-06,2020-04-08,The Hero of Ages,Mistborn,3,https://www.goodreads.com/book/show/2767793
"The Well of Ascension (Mistborn, #2)",Brandon Sanderson,9780765316882.0,0765316889,590,4.37,356839,2007-08-21,2020-03-30,2020-04-05,The Well of Ascension,Mistborn,2,https://www.goodreads.com/book/show/68429
"Blood of Elves (The Witcher, #1)",Andrzej Sapkowski,9780316029193.0,031602919X,398,4.1,159450,1994-01-01,,,Blood of Elves,The Witcher,1,https://www.goodreads.com/book/show/6043781
"The Final Empire (Mistborn, #1)",Brandon Sanderson,9780765311788.0,,541,4.46,515319,2006-07-17,2020-10-01,2020-10-03,The Final Empire,Mistborn,1,https://www.goodreads.com/book/show/68428
"The Ship of the Dead (Magnus Chase and the Gods of Asgard, #3)",Rick Riordan,9781423160939.0,1423160932,410,4.39,69875,2017-10-03,2020-03-26,2020-04-02,The Ship of the Dead,Magnus Chase and the Gods of Asgard,3,https://www.goodreads.com/book/show/28006120
"The Red Pyramid: The Graphic Novel (The Kane Chronicles: The Graphic Novels, #1)",Orpheus Collar,9781423150688.0,1423150686,192,4.29,20097,2012-10-02,,,The Red Pyramid: The Graphic Novel,The Kane Chronicles: The Graphic Novels,1,https://www.goodreads.com/book/show/13027796
"The Wise Man's Fear (The Kingkiller Chronicle, #2)",Patrick Rothfuss,9780756404734.0,0756404738,994,4.55,490920,2011-03-01,2020-07-09,2020-07-12,The Wise Man's Fear,The Kingkiller Chronicle,2,https://www.goodreads.com/book/show/1215032
"The Mark of Athena (The Heroes of Olympus, #3)",Rick Riordan,9781423140603.0,1423140605,586,4.46,518248,2012-10-02,,,The Mark of Athena,The Heroes of Olympus,3,https://www.goodreads.com/book/show/12127750
"The Hammer of Thor (Magnus Chase and the Gods of Asgard, #2)",Rick Riordan,9781423160922.0,1423160924,459,4.34,90586,2016-10-04,2020-03-14,2020-03-20,The Hammer of Thor,Magnus Chase and the Gods of Asgard,2,https://www.goodreads.com/book/show/27904311
"The Sword of Summer (Magnus Chase and the Gods of Asgard, #1)",Rick Riordan,9781423160915.0,1423160916,499,4.24,184236,2015-10-06,2020-03-10,2020-03-14,The Sword of Summer,Magnus Chase and the Gods of Asgard,1,https://www.goodreads.com/book/show/82212
"The Lost Hero (The Heroes of Olympus, #1)",Rick Riordan,9781423113393.0,142311339X,553,4.32,735776,2010-10-12,,,The Lost Hero,The Heroes of Olympus,1,https://www.goodreads.com/book/show/7736182
A Christmas Carol,Charles Dickens,9781561797462.0,1561797464,104,4.07,716731,1843-12-17,,,A Christmas Carol,Standalone,1,https://www.goodreads.com/book/show/5326
Emma,Jane Austen,9780141439587.0,0141439580,474,4.03,767054,1815-09-23,,,Emma,Standalone,1,https://www.goodreads.com/book/show/6969
Sense and Sensibility,Jane Austen,,,409,4.08,1074833,1811-10-30,,,Sense and Sensibility,Standalone,1,https://www.goodreads.com/book/show/14935
Jane Eyre,Charlotte Brontë,9780142437209.0,0142437204,532,4.14,1862402,1847-10-16,2020-01-04,2020-01-25,Jane Eyre,Standalone,1,https://www.goodreads.com/book/show/10210
Jane Eyre,Anna Claybourne,9780794518707.0,0794518702,176,4.38,4617,2006-07-28,,,Jane Eyre,Standalone,1,https://www.goodreads.com/book/show/1268716
"The Name of the Wind (The Kingkiller Chronicle, #1)",Patrick Rothfuss,9780756404079.0,075640407X,662,4.52,836328,2007-03-27,2020-06-29,2020-07-08,The Name of the Wind,The Kingkiller Chronicle,1,https://www.goodreads.com/book/show/186074
"The Way of Kings (The Stormlight Archive, #1)",Brandon Sanderson,9780765326355.0,0765326353,"1,007",4.64,384475,2010-08-31,2020-05-25,2020-06-09,The Way of Kings,The Stormlight Archive,1,https://www.goodreads.com/book/show/7235533
J.R.R. Tolkien 4-Book Boxed Set: The Hobbit and The Lord of the Rings,J.R.R. Tolkien,9780345538376.0,0345538374,"1,728",4.6,122871,1955-10-20,,,J.R.R. Tolkien 4-Book Boxed Set: The Hobbit and The Lord of the Rings,Standalone,1,https://www.goodreads.com/book/show/30
The Gunslinger,Stephen King,,,231,3.94,559196,1982-06-01,,,The Gunslinger,Standalone,1,https://www.goodreads.com/book/show/43615
"The Eye of the World (The Wheel of Time, #1)",Robert Jordan,9780812511819.0,0812511816,800,4.18,472034,1990-01-15,2020-07-16,2020-07-20,The Eye of the World,The Wheel of Time,1,https://www.goodreads.com/book/show/228665
"The Last Olympian (Percy Jackson and the Olympians, #5)",Rick Riordan,9781423101475.0,1423101472,381,4.52,824134,2009-05-05,,,The Last Olympian,Percy Jackson and the Olympians,5,https://www.goodreads.com/book/show/4556058
"The Titan's Curse (Percy Jackson and the Olympians, #3)",Rick Riordan,9780141382890.0,0141382899,320,4.36,855442,2007-05-05,2020-10-14,2020-10-15,The Titan's Curse,Percy Jackson and the Olympians,3,https://www.goodreads.com/book/show/561456
The Hobbit,J.R.R. Tolkien,,,322,4.28,3394488,1937-09-21,2021-03-20,,The Hobbit,Standalone,1,https://www.goodreads.com/book/show/5907
"A Clash of Kings  (A Song of Ice and Fire, #2)",George R.R. Martin,9780553381696.0,0553381695,969,4.41,854763,1998-11-16,2020-12-06,2020-12-13,A Clash of Kings ,A Song of Ice and Fire,2,https://www.goodreads.com/book/show/10572
"The Tyrant’s Tomb (The Trials of Apollo, #4)",Rick Riordan,9781368001441.0,1368001440,439,4.35,48703,2019-09-24,2020-05-01,2020-05-09,The Tyrant’s Tomb,The Trials of Apollo,4,https://www.goodreads.com/book/show/28006109
The Fault in Our Stars,John Green,,,313,4.16,4365773,2012-01-10,,,The Fault in Our Stars,Standalone,1,https://www.goodreads.com/book/show/11870085
Gulliver's Travels: Travels into Several Remote Nations of the World.,Jonathan Swift,9780141439495.0,0141439491,306,3.58,254180,1726-01-01,,,Gulliver's Travels: Travels into Several Remote Nations of the World.,Standalone,1,https://www.goodreads.com/book/show/7733
Wuthering Heights by Emily Brontë,Hilda D. Spear,9780333372869.0,0333372867,96,4.14,26382,1985-04-04,,,Wuthering Heights by Emily Brontë,Standalone,1,https://www.goodreads.com/book/show/130346
Gone with the Wind,Margaret Mitchell,9780446675536.0,0446675539,"1,037",4.3,1151877,1936-06-30,,,Gone with the Wind,Standalone,1,https://www.goodreads.com/book/show/18405
Northanger Abbey,Jane Austen,9781593082642.0,1593082649,260,3.84,349425,1817-12-01,,,Northanger Abbey,Standalone,1,https://www.goodreads.com/book/show/50398
Mansfield Park,Jane Austen,9780141439808.0,0141439807,488,3.86,317304,1814-07-01,,,Mansfield Park,Standalone,1,https://www.goodreads.com/book/show/45032
Persuasion,Jane Austen,9780192802637.0,0192802631,249,4.14,598043,1817-01-01,,,Persuasion,Standalone,1,https://www.goodreads.com/book/show/2156
A Thousand Splendid Suns,Khaled Hosseini,9781594489501.0,1594489505,372,4.4,1337589,2007-05-22,,,A Thousand Splendid Suns,Standalone,1,https://www.goodreads.com/book/show/128029
The Kite Runner,Khaled Hosseini,,,371,4.32,2783661,2003-05-29,,,The Kite Runner,Standalone,1,https://www.goodreads.com/book/show/77203
Frankenstein: The 1818 Text,Mary Shelley,,,260,3.84,1356471,1818-01-01,,,Frankenstein: The 1818 Text,Standalone,1,https://www.goodreads.com/book/show/35031085
The Alchemist,Paulo Coelho,9780062315007.0,0062315005,175,3.9,2560601,1988-01-01,,,The Alchemist,Standalone,1,https://www.goodreads.com/book/show/18144590
Great Expectations,Charles Dickens,9780192833594.0,0192833596,544,3.79,729069,1860-01-01,,,Great Expectations,Standalone,1,https://www.goodreads.com/book/show/2623
"Foundation (Foundation, #1)",Isaac Asimov,9780553803716.0,0553803719,244,4.17,478563,1951-08-30,,2018-12-01,Foundation,Foundation,1,https://www.goodreads.com/book/show/29579
Animal Farm,George Orwell,9780451526342.0,0451526341,141,3.97,3294794,1945-08-17,,,Animal Farm,Standalone,1,https://www.goodreads.com/book/show/170448
Little Women,Louisa May Alcott,,,449,4.12,1951814,1868-01-01,,,Little Women,Standalone,1,https://www.goodreads.com/book/show/1934
"A Storm of Swords (A Song of Ice and Fire, #3)",George R.R. Martin,,,"1,218",4.54,717387,2000-08-08,2020-12-13,2021-01-29,A Storm of Swords,A Song of Ice and Fire,3,https://www.goodreads.com/book/show/62291
"City of Bones (The Mortal Instruments, #1)",Cassandra Clare,,,485,4.08,1833506,2007-05-27,2020-10-03,2020-10-04,City of Bones,The Mortal Instruments,1,https://www.goodreads.com/book/show/256683
"New Moon (The Twilight Saga, #2)",Stephenie Meyer,,,563,3.57,1700735,2006-09-06,,,New Moon,The Twilight Saga,2,https://www.goodreads.com/book/show/49041
"The Lightning Thief (Percy Jackson and the Olympians, #1)",Rick Riordan,,,377,4.28,2469039,2005-06-28,2020-10-09,2020-10-13,The Lightning Thief,Percy Jackson and the Olympians,1,https://www.goodreads.com/book/show/28187
"Twilight (The Twilight Saga, #1)",Stephenie Meyer,9780316015844.0,0316015849,498,3.63,5777321,2005-10-05,,,Twilight,The Twilight Saga,1,https://www.goodreads.com/book/show/41865
"Harry Potter and the Goblet of Fire (Harry Potter, #4)",J.K. Rowling,,,734,4.57,3087187,2000-07-08,,,Harry Potter and the Goblet of Fire,Harry Potter,4,https://www.goodreads.com/book/show/6
"Harry Potter and the Half-Blood Prince (Harry Potter, #6)",J.K. Rowling,,,652,4.57,2859663,2005-07-16,,,Harry Potter and the Half-Blood Prince,Harry Potter,6,https://www.goodreads.com/book/show/1
"Harry Potter and the Deathly Hallows (Harry Potter, #7)",J.K. Rowling,,,759,4.62,3266973,2007-07-21,,,Harry Potter and the Deathly Hallows,Harry Potter,7,https://www.goodreads.com/book/show/136251
"Mockingjay (The Hunger Games, #3)",Suzanne Collins,9780439023511.0,0439023513,398,4.06,2747278,2010-08-24,2020-05-25,2020-06-14,Mockingjay,The Hunger Games,3,https://www.goodreads.com/book/show/7260188
"Catching Fire (The Hunger Games, #2)",Suzanne Collins,9780439023498.0,0439023491,391,4.3,2994402,2009-09-01,2020-05-15,2020-05-23,Catching Fire,The Hunger Games,2,https://www.goodreads.com/book/show/6148028
"The Hunger Games (The Hunger Games, #1)",Suzanne Collins,9780439023481.0,0439023483,374,4.32,7429105,2008-09-14,2020-05-05,2020-05-11,The Hunger Games,The Hunger Games,1,https://www.goodreads.com/book/show/73758
"Harry Potter and the Order of the Phoenix (Harry Potter, #5)",J.K. Rowling,,,870,4.5,2953096,2003-06-21,,,Harry Potter and the Order of the Phoenix,Harry Potter,5,https://www.goodreads.com/book/show/2
"Alice's Adventures in Wonderland (Alice's Adventures in Wonderland, #1)",Lewis Carroll,,,96,3.99,327233,1865-11-26,,,Alice's Adventures in Wonderland,Alice's Adventures in Wonderland,1,https://www.goodreads.com/book/show/2568513
"A Study in Scarlet (Sherlock Holmes, #1)",Arthur Conan Doyle,9781420925531.0,1420925539,123,4.14,388272,1887-11-01,,,A Study in Scarlet,Sherlock Holmes,1,https://www.goodreads.com/book/show/102868
"The Battle of the Labyrinth (Percy Jackson and the Olympians, #4)",Rick Riordan,,,361,4.41,899648,2008-03-06,2020-10-13,2020-10-14,The Battle of the Labyrinth,Percy Jackson and the Olympians,4,https://www.goodreads.com/book/show/2120932
"Harry Potter and the Prisoner of Azkaban (Harry Potter, #3)",J.K. Rowling,9780439655484.0,043965548X,435,4.58,3482360,1999-06-08,,,Harry Potter and the Prisoner of Azkaban,Harry Potter,3,https://www.goodreads.com/book/show/5
"Harry Potter and the Chamber of Secrets (Harry Potter, #2)",J.K. Rowling,,,341,4.43,3313391,1998-07-02,,2018-05-01,Harry Potter and the Chamber of Secrets,Harry Potter,2,https://www.goodreads.com/book/show/15881
"The Fellowship of the Ring (The Lord of the Rings, #1)",J.R.R. Tolkien,9780618346257.0,0618346252,398,4.38,2582523,1954-07-29,,,The Fellowship of the Ring,The Lord of the Rings,1,https://www.goodreads.com/book/show/3263607
"Harry Potter and the Sorcerer's Stone (Harry Potter, #1)",J.K. Rowling,,,309,4.48,8581826,1997-06-26,,2018-05-01,Harry Potter and the Sorcerer's Stone,Harry Potter,1,https://www.goodreads.com/book/show/3
Pride and Prejudice,Jane Austen,,,279,4.28,3634644,1813-01-28,,2019-01-01,Pride and Prejudice,Standalone,1,https://www.goodreads.com/book/show/1885
